Order ID,Order Date,Order Month,Order Year,Order weekday,Ship Date,Delivery time,Order Priority,Country Code,Country,Region,Sub-region,Product ID,Categories,Sales Channel,Units Sold,Unit Price,Unit Cost,Total Revenue,Total Cost,Total Profit
100640618,10/8/2014,October,2014,Wednesday,10/18/2014,10,M,NOR,Norway,Europe,Northern Europe,2103,Cereal,Online,650,$205.70,$117.11,"$133,705.00","$76,121.50","$57,583.50"
100983083,8/11/2016,August,2016,Thursday,8/11/2016,0,C,SRB,Serbia,Europe,Southern Europe,2103,Cereal,Offline,1993,$205.70,$117.11,"$409,960.10","$233,400.23","$176,559.87"
101025998,7/18/2014,July,2014,Friday,8/11/2014,24,M,Unknow,Unknow,Unknow,Unknow,7940,Household,Online,4693,$668.27,$502.54,"$3,136,191.11","$2,358,420.22","$777,770.89"
102230632,5/13/2017,May,2017,Saturday,6/13/2017,31,L,MNE,Montenegro,Europe,Southern Europe,2455,Clothes,Online,1171,$109.28,$35.84,"$127,966.88","$41,968.64","$85,998.24"
103435266,8/11/2012,August,2012,Saturday,9/18/2012,38,H,SRB,Serbia,Europe,Southern Europe,1270,Beverages,Offline,7648,$47.45,$31.79,"$362,897.60","$243,129.92","$119,767.68"
103450715,3/15/2015,March,2015,Sunday,4/18/2015,34,H,SVK,Slovakia,Europe,Eastern Europe,8681,Office Supplies,Online,2220,$651.21,$524.96,"$1,445,686.20","$1,165,411.20","$280,275.00"
103499639,4/20/2013,April,2013,Saturday,6/6/2013,47,L,FRA,France,Europe,Western Europe,4594,Fruits,Online,6698,$9.33,$6.92,"$62,492.34","$46,350.16","$16,142.18"
103762280,11/12/2011,November,2011,Saturday,12/14/2011,32,M,ESP,Spain,Europe,Southern Europe,5988,Vegetables,Online,4419,$154.06,$90.93,"$680,791.14","$401,819.67","$278,971.47"
103832662,9/19/2012,September,2012,Wednesday,10/20/2012,31,H,HRV,Croatia,Europe,Southern Europe,7331,Baby Food,Offline,5247,$255.28,$159.42,"$1,339,454.16","$836,476.74","$502,977.42"
104008615,1/23/2011,January,2011,Sunday,2/22/2011,30,M,DEU,Germany,Europe,Western Europe,2103,Cereal,Online,7315,$205.70,$117.11,"$1,504,695.50","$856,659.65","$648,035.85"
104165685,2/19/2012,February,2012,Sunday,3/6/2012,16,L,ARM,Armenia,Asia,Western Asia,7940,Household,Online,3796,$668.27,$502.54,"$2,536,752.92","$1,907,641.84","$629,111.08"
104190576,2/22/2017,February,2017,Wednesday,3/12/2017,18,C,GEO,Georgia,Asia,Western Asia,8875,Meat,Offline,1162,$421.89,$364.69,"$490,236.18","$423,769.78","$66,466.40"
104245078,3/27/2013,March,2013,Wednesday,4/21/2013,25,M,GBR,United Kingdom,Europe,Northern Europe,4594,Fruits,Offline,7290,$9.33,$6.92,"$68,015.70","$50,446.80","$17,568.90"
104548490,1/1/2014,January,2014,Wednesday,1/5/2014,4,M,Unknow,Unknow,Unknow,Unknow,7331,Baby Food,Online,7076,$255.28,$159.42,"$1,806,361.28","$1,128,055.92","$678,305.36"
105030000,6/2/2016,June,2016,Thursday,6/13/2016,11,C,SVN,Slovenia,Europe,Southern Europe,2455,Clothes,Offline,9566,$109.28,$35.84,"$1,045,372.48","$342,845.44","$702,527.04"
107651269,10/28/2013,October,2013,Monday,11/11/2013,14,M,HRV,Croatia,Europe,Southern Europe,7940,Household,Online,5258,$668.27,$502.54,"$3,513,763.66","$2,642,355.32","$871,408.34"
108407437,2/19/2015,February,2015,Thursday,3/27/2015,36,C,ROU,Romania,Europe,Eastern Europe,7331,Baby Food,Offline,9025,$255.28,$159.42,"$2,303,902.00","$1,438,765.50","$865,136.50"
109914195,3/12/2012,March,2012,Monday,4/16/2012,35,M,POL,Poland,Europe,Eastern Europe,2455,Clothes,Offline,4908,$109.28,$35.84,"$536,346.24","$175,902.72","$360,443.52"
111063039,5/26/2012,May,2012,Saturday,7/13/2012,48,L,LUX,Luxembourg,Europe,Western Europe,7331,Baby Food,Online,4876,$255.28,$159.42,"$1,244,745.28","$777,331.92","$467,413.36"
111246287,6/9/2017,June,2017,Friday,7/2/2017,23,M,CYP,Cyprus,Asia,Western Asia,8875,Meat,Offline,9103,$421.89,$364.69,"$3,840,464.67","$3,319,773.07","$520,691.60"
111496055,4/28/2011,April,2011,Thursday,6/4/2011,37,M,BEL,Belgium,Europe,Western Europe,4594,Fruits,Online,3015,$9.33,$6.92,"$28,129.95","$20,863.80","$7,266.15"
111893022,10/28/2016,October,2016,Friday,12/2/2016,35,L,SVN,Slovenia,Europe,Southern Europe,7331,Baby Food,Online,486,$255.28,$159.42,"$124,066.08","$77,478.12","$46,587.96"
112330758,12/15/2016,December,2016,Thursday,1/11/2017,27,C,LTU,Lithuania,Europe,Northern Europe,8681,Office Supplies,Offline,22,$651.21,$524.96,"$14,326.62","$11,549.12","$2,777.50"
113524663,10/29/2010,October,2010,Friday,12/9/2010,41,L,RUS,Russia,Europe,Eastern Europe,8293,Cosmetics,Online,3325,$437.20,$263.33,"$1,453,690.00","$875,572.25","$578,117.75"
114954173,2/3/2010,February,2010,Wednesday,2/11/2010,8,C,MLT,Malta,Europe,Southern Europe,4594,Fruits,Offline,6349,$9.33,$6.92,"$59,236.17","$43,935.08","$15,301.09"
115363156,12/4/2015,December,2015,Friday,1/10/2016,37,H,UKR,Ukraine,Europe,Eastern Europe,8681,Office Supplies,Offline,7376,$651.21,$524.96,"$4,803,324.96","$3,872,104.96","$931,220.00"
117929494,1/24/2015,January,2015,Saturday,3/2/2015,37,H,Unknow,Unknow,Unknow,Unknow,4594,Fruits,Offline,6813,$9.33,$6.92,"$63,565.29","$47,145.96","$16,419.33"
118086564,2/19/2016,February,2016,Friday,3/13/2016,23,M,NOR,Norway,Europe,Northern Europe,8969,Snacks,Online,3293,$152.58,$97.44,"$502,445.94","$320,869.92","$181,576.02"
118659913,8/2/2014,August,2014,Saturday,8/17/2014,15,C,CZE,Czech Republic,Europe,Eastern Europe,2103,Cereal,Online,2960,$205.70,$117.11,"$608,872.00","$346,645.60","$262,226.40"
118859469,6/2/2011,June,2011,Thursday,7/1/2011,29,L,Unknow,Unknow,Unknow,Unknow,8969,Snacks,Offline,2013,$152.58,$97.44,"$307,143.54","$196,146.72","$110,996.82"
119935786,1/14/2015,January,2015,Wednesday,1/27/2015,13,L,ROU,Romania,Europe,Eastern Europe,3127,Personal Care,Offline,519,$81.73,$56.67,"$42,417.87","$29,411.73","$13,006.14"
120419871,5/13/2015,May,2015,Wednesday,6/26/2015,44,H,LTU,Lithuania,Europe,Northern Europe,3127,Personal Care,Online,3771,$81.73,$56.67,"$308,203.83","$213,702.57","$94,501.26"
120977771,3/23/2011,March,2011,Wednesday,5/2/2011,40,M,ARM,Armenia,Asia,Western Asia,4594,Fruits,Online,8866,$9.33,$6.92,"$82,719.78","$61,352.72","$21,367.06"
121380746,11/21/2016,November,2016,Monday,12/18/2016,27,C,MLT,Malta,Europe,Southern Europe,4594,Fruits,Online,8115,$9.33,$6.92,"$75,712.95","$56,155.80","$19,557.15"
121945512,4/8/2017,April,2017,Saturday,4/12/2017,4,C,GBR,United Kingdom,Europe,Northern Europe,1270,Beverages,Online,5242,$47.45,$31.79,"$248,732.90","$166,643.18","$82,089.72"
122144210,4/27/2017,April,2017,Thursday,5/24/2017,27,C,MNE,Montenegro,Europe,Southern Europe,1270,Beverages,Offline,4041,$47.45,$31.79,"$191,745.45","$128,463.39","$63,282.06"
122372519,1/10/2016,January,2016,Sunday,1/13/2016,3,L,PRT,Portugal,Europe,Southern Europe,1270,Beverages,Offline,1603,$47.45,$31.79,"$76,062.35","$50,959.37","$25,102.98"
122967326,3/24/2017,March,2017,Friday,4/25/2017,32,H,BLR,Belarus,Europe,Eastern Europe,1270,Beverages,Online,7619,$47.45,$31.79,"$361,521.55","$242,208.01","$119,313.54"
123086202,1/2/2014,January,2014,Thursday,2/20/2014,49,M,EST,Estonia,Europe,Northern Europe,7331,Baby Food,Offline,2797,$255.28,$159.42,"$714,018.16","$445,897.74","$268,120.42"
123544108,5/13/2010,May,2010,Thursday,6/22/2010,40,M,AUT,Austria,Europe,Western Europe,2103,Cereal,Online,8302,$205.70,$117.11,"$1,707,721.40","$972,247.22","$735,474.18"
123938930,7/24/2012,July,2012,Tuesday,8/2/2012,9,M,BLR,Belarus,Europe,Eastern Europe,1270,Beverages,Online,5138,$47.45,$31.79,"$243,798.10","$163,337.02","$80,461.08"
125339686,7/11/2017,July,2017,Tuesday,7/24/2017,13,L,MKD,Macedonia,Europe,Southern Europe,8969,Snacks,Online,9653,$152.58,$97.44,"$1,472,854.74","$940,588.32","$532,266.42"
125349128,5/18/2012,May,2012,Friday,6/6/2012,19,L,SMR,San Marino,Europe,Southern Europe,2103,Cereal,Offline,2447,$205.70,$117.11,"$503,347.90","$286,568.17","$216,779.73"
126948583,5/24/2017,May,2017,Wednesday,7/9/2017,46,C,Unknow,Unknow,Unknow,Unknow,7331,Baby Food,Online,5762,$255.28,$159.42,"$1,470,923.36","$918,578.04","$552,345.32"
127694451,12/7/2011,December,2011,Wednesday,12/27/2011,20,L,EST,Estonia,Europe,Northern Europe,5988,Vegetables,Offline,6481,$154.06,$90.93,"$998,462.86","$589,317.33","$409,145.53"
127838218,9/20/2013,September,2013,Friday,10/29/2013,39,C,NLD,Netherlands,Europe,Western Europe,4594,Fruits,Offline,9024,$9.33,$6.92,"$84,193.92","$62,446.08","$21,747.84"
128003442,9/9/2010,September,2010,Thursday,10/23/2010,44,L,CHE,Switzerland,Europe,Western Europe,7331,Baby Food,Online,7918,$255.28,$159.42,"$2,021,307.04","$1,262,287.56","$759,019.48"
128686225,1/25/2011,January,2011,Tuesday,3/13/2011,47,M,HUN,Hungary,Europe,Eastern Europe,7331,Baby Food,Online,9968,$255.28,$159.42,"$2,544,631.04","$1,589,098.56","$955,532.48"
128766906,2/13/2011,February,2011,Sunday,3/28/2011,43,C,Unknow,Unknow,Unknow,Unknow,7940,Household,Offline,3844,$668.27,$502.54,"$2,568,829.88","$1,931,763.76","$637,066.12"
129127395,6/16/2013,June,2013,Sunday,6/20/2013,4,L,LVA,Latvia,Europe,Northern Europe,8681,Office Supplies,Online,520,$651.21,$524.96,"$338,629.20","$272,979.20","$65,650.00"
129169023,6/8/2012,June,2012,Friday,7/18/2012,40,M,Unknow,Unknow,Unknow,Unknow,1270,Beverages,Offline,2839,$47.45,$31.79,"$134,710.55","$90,251.81","$44,458.74"
129875409,4/19/2011,April,2011,Tuesday,4/26/2011,7,L,LTU,Lithuania,Europe,Northern Europe,3127,Personal Care,Offline,1875,$81.73,$56.67,"$153,243.75","$106,256.25","$46,987.50"
129902875,3/21/2014,March,2014,Friday,4/24/2014,34,C,BGR,Bulgaria,Europe,Eastern Europe,7940,Household,Online,2,$668.27,$502.54,"$1,336.54","$1,005.08",$331.46
130356919,9/18/2013,September,2013,Wednesday,10/1/2013,13,H,CHE,Switzerland,Europe,Western Europe,5988,Vegetables,Online,4364,$154.06,$90.93,"$672,317.84","$396,818.52","$275,499.32"
130754315,10/27/2013,October,2013,Sunday,11/2/2013,6,H,FRA,France,Europe,Western Europe,8681,Office Supplies,Online,1962,$651.21,$524.96,"$1,277,674.02","$1,029,971.52","$247,702.50"
131585586,3/13/2017,March,2017,Monday,4/13/2017,31,C,FRA,France,Europe,Western Europe,3127,Personal Care,Offline,7954,$81.73,$56.67,"$650,080.42","$450,753.18","$199,327.24"
132069671,7/9/2017,July,2017,Sunday,7/20/2017,11,M,AUT,Austria,Europe,Western Europe,3127,Personal Care,Online,1205,$81.73,$56.67,"$98,484.65","$68,287.35","$30,197.30"
132603538,9/20/2012,September,2012,Thursday,11/6/2012,47,M,HUN,Hungary,Europe,Eastern Europe,8293,Cosmetics,Online,9188,$437.20,$263.33,"$4,016,993.60","$2,419,476.04","$1,597,517.56"
133276450,1/27/2016,January,2016,Wednesday,3/15/2016,48,H,Unknow,Unknow,Unknow,Unknow,3127,Personal Care,Online,8318,$81.73,$56.67,"$679,830.14","$471,381.06","$208,449.08"
134121024,2/28/2011,February,2011,Monday,4/8/2011,39,L,EST,Estonia,Europe,Northern Europe,5988,Vegetables,Online,8246,$154.06,$90.93,"$1,270,378.76","$749,808.78","$520,569.98"
134790503,4/2/2012,April,2012,Monday,4/26/2012,24,M,ITA,Italy,Europe,Southern Europe,2455,Clothes,Online,6360,$109.28,$35.84,"$695,020.80","$227,942.40","$467,078.40"
136624276,2/20/2016,February,2016,Saturday,3/8/2016,17,L,LVA,Latvia,Europe,Northern Europe,1270,Beverages,Offline,9014,$47.45,$31.79,"$427,714.30","$286,555.06","$141,159.24"
138025033,7/13/2013,July,2013,Saturday,8/3/2013,21,L,GBR,United Kingdom,Europe,Northern Europe,8969,Snacks,Online,3529,$152.58,$97.44,"$538,454.82","$343,865.76","$194,589.06"
138182103,8/9/2014,August,2014,Saturday,8/16/2014,7,C,NLD,Netherlands,Europe,Western Europe,8681,Office Supplies,Online,10,$651.21,$524.96,"$6,512.10","$5,249.60","$1,262.50"
138820683,7/9/2010,July,2010,Friday,7/9/2010,0,L,RUS,Russia,Europe,Eastern Europe,2455,Clothes,Offline,8980,$109.28,$35.84,"$981,334.40","$321,843.20","$659,491.20"
139201343,8/27/2016,August,2016,Saturday,9/6/2016,10,H,IRL,Ireland,Europe,Northern Europe,8293,Cosmetics,Offline,1625,$437.20,$263.33,"$710,450.00","$427,911.25","$282,538.75"
139949357,7/1/2014,July,2014,Tuesday,7/14/2014,13,H,Unknow,Unknow,Unknow,Unknow,5988,Vegetables,Online,2980,$154.06,$90.93,"$459,098.80","$270,971.40","$188,127.40"
140461766,7/8/2014,July,2014,Tuesday,7/20/2014,12,C,UKR,Ukraine,Europe,Eastern Europe,8293,Cosmetics,Online,4613,$437.20,$263.33,"$2,016,803.60","$1,214,741.29","$802,062.31"
140499961,3/29/2011,March,2011,Tuesday,4/30/2011,32,L,LVA,Latvia,Europe,Northern Europe,3127,Personal Care,Online,5915,$81.73,$56.67,"$483,432.95","$335,203.05","$148,229.90"
141764247,7/15/2013,July,2013,Monday,8/29/2013,45,H,AND,Andorra,Europe,Southern Europe,7331,Baby Food,Offline,46,$255.28,$159.42,"$11,742.88","$7,333.32","$4,409.56"
141846215,7/18/2012,July,2012,Wednesday,8/16/2012,29,H,GEO,Georgia,Asia,Western Asia,2455,Clothes,Online,4302,$109.28,$35.84,"$470,122.56","$154,183.68","$315,938.88"
141875827,3/13/2011,March,2011,Sunday,4/16/2011,34,C,POL,Poland,Europe,Eastern Europe,7940,Household,Online,3065,$668.27,$502.54,"$2,048,247.55","$1,540,285.10","$507,962.45"
142375361,2/8/2014,February,2014,Saturday,2/19/2014,11,L,LIE,Liechtenstein,Europe,Western Europe,4594,Fruits,Online,888,$9.33,$6.92,"$8,285.04","$6,144.96","$2,140.08"
142987763,8/18/2013,August,2013,Sunday,9/1/2013,14,L,NLD,Netherlands,Europe,Western Europe,7940,Household,Offline,2112,$668.27,$502.54,"$1,411,386.24","$1,061,364.48","$350,021.76"
143414771,5/21/2012,May,2012,Monday,6/3/2012,13,H,IRL,Ireland,Europe,Northern Europe,7940,Household,Offline,8473,$668.27,$502.54,"$5,662,251.71","$4,258,021.42","$1,404,230.29"
144282948,7/13/2013,July,2013,Saturday,8/1/2013,19,H,FIN,Finland,Europe,Northern Europe,2103,Cereal,Online,5386,$205.70,$117.11,"$1,107,900.20","$630,754.46","$477,145.74"
144743001,3/12/2013,March,2013,Tuesday,4/21/2013,40,M,SVN,Slovenia,Europe,Southern Europe,7331,Baby Food,Offline,1525,$255.28,$159.42,"$389,302.00","$243,115.50","$146,186.50"
144978606,1/6/2011,January,2011,Thursday,2/19/2011,44,C,IRL,Ireland,Europe,Northern Europe,8681,Office Supplies,Online,1246,$651.21,$524.96,"$811,407.66","$654,100.16","$157,307.50"
146349751,5/1/2017,May,2017,Monday,6/13/2017,43,M,LTU,Lithuania,Europe,Northern Europe,5988,Vegetables,Online,6999,$154.06,$90.93,"$1,078,265.94","$636,419.07","$441,846.87"
146545875,11/27/2011,November,2011,Sunday,1/7/2012,41,M,SVK,Slovakia,Europe,Eastern Europe,8293,Cosmetics,Offline,5036,$437.20,$263.33,"$2,201,739.20","$1,326,129.88","$875,609.32"
147826898,9/29/2015,September,2015,Tuesday,11/5/2015,37,M,BEL,Belgium,Europe,Western Europe,8293,Cosmetics,Online,4119,$437.20,$263.33,"$1,800,826.80","$1,084,656.27","$716,170.53"
148894631,9/19/2013,September,2013,Thursday,9/25/2013,6,H,POL,Poland,Europe,Eastern Europe,8681,Office Supplies,Online,85,$651.21,$524.96,"$55,352.85","$44,621.60","$10,731.25"
149274003,4/29/2013,April,2013,Monday,5/29/2013,30,C,NOR,Norway,Europe,Northern Europe,7940,Household,Offline,2350,$668.27,$502.54,"$1,570,434.50","$1,180,969.00","$389,465.50"
150293242,5/19/2015,May,2015,Tuesday,6/21/2015,33,H,Unknow,Unknow,Unknow,Unknow,8681,Office Supplies,Offline,3965,$651.21,$524.96,"$2,582,047.65","$2,081,466.40","$500,581.25"
151312482,6/6/2017,June,2017,Tuesday,7/12/2017,36,H,CZE,Czech Republic,Europe,Eastern Europe,8293,Cosmetics,Online,5581,$437.20,$263.33,"$2,440,013.20","$1,469,644.73","$970,368.47"
152191388,5/18/2012,May,2012,Friday,6/22/2012,35,L,ALB,Albania,Europe,Southern Europe,7331,Baby Food,Offline,5669,$255.28,$159.42,"$1,447,182.32","$903,751.98","$543,430.34"
152411115,1/4/2013,January,2013,Friday,2/21/2013,48,H,SWE,Sweden,Europe,Northern Europe,8875,Meat,Online,691,$421.89,$364.69,"$291,525.99","$252,000.79","$39,525.20"
152505099,5/7/2012,May,2012,Monday,5/19/2012,12,M,SMR,San Marino,Europe,Southern Europe,2455,Clothes,Offline,8503,$109.28,$35.84,"$929,207.84","$304,747.52","$624,460.32"
152746713,5/2/2010,May,2010,Sunday,5/8/2010,6,C,BIH,Bosnia and Herzegovina,Europe,Southern Europe,8681,Office Supplies,Offline,2,$651.21,$524.96,"$1,302.42","$1,049.92",$252.50
153974950,8/22/2011,August,2011,Monday,9/20/2011,29,L,SWE,Sweden,Europe,Northern Europe,4594,Fruits,Offline,3464,$9.33,$6.92,"$32,319.12","$23,970.88","$8,348.24"
155086886,1/28/2014,January,2014,Tuesday,2/5/2014,8,M,SVN,Slovenia,Europe,Southern Europe,8293,Cosmetics,Offline,2511,$437.20,$263.33,"$1,097,809.20","$661,221.63","$436,587.57"
155914723,3/12/2015,March,2015,Thursday,3/29/2015,17,H,IRL,Ireland,Europe,Northern Europe,4594,Fruits,Offline,7486,$9.33,$6.92,"$69,844.38","$51,803.12","$18,041.26"
156158483,6/26/2016,June,2016,Sunday,8/5/2016,40,C,LTU,Lithuania,Europe,Northern Europe,2455,Clothes,Offline,9620,$109.28,$35.84,"$1,051,273.60","$344,780.80","$706,492.80"
158479773,5/19/2015,May,2015,Tuesday,6/18/2015,30,L,RUS,Russia,Europe,Eastern Europe,7331,Baby Food,Offline,6542,$255.28,$159.42,"$1,670,041.76","$1,042,925.64","$627,116.12"
158673751,3/22/2014,March,2014,Saturday,5/10/2014,49,H,DEU,Germany,Europe,Western Europe,8969,Snacks,Online,3944,$152.58,$97.44,"$601,775.52","$384,303.36","$217,472.16"
159232509,6/8/2014,June,2014,Sunday,7/14/2014,36,H,CHE,Switzerland,Europe,Western Europe,4594,Fruits,Online,9293,$9.33,$6.92,"$86,703.69","$64,307.56","$22,396.13"
159805858,11/19/2012,November,2012,Monday,12/17/2012,28,M,Unknow,Unknow,Unknow,Unknow,8875,Meat,Offline,8959,$421.89,$364.69,"$3,779,712.51","$3,267,257.71","$512,454.80"
160578763,9/27/2015,September,2015,Sunday,10/30/2015,33,L,ROU,Romania,Europe,Eastern Europe,8681,Office Supplies,Online,7679,$651.21,$524.96,"$5,000,641.59","$4,031,167.84","$969,473.75"
160751283,10/29/2011,October,2011,Saturday,11/13/2011,15,C,LVA,Latvia,Europe,Northern Europe,3127,Personal Care,Offline,8732,$81.73,$56.67,"$713,666.36","$494,842.44","$218,823.92"
161399304,3/1/2010,March,2010,Monday,3/15/2010,14,L,SVK,Slovakia,Europe,Eastern Europe,8293,Cosmetics,online,496,$437.20,$263.33,"$216,851.20","$130,611.68","$86,239.52"
161607444,8/22/2012,August,2012,Wednesday,10/3/2012,42,L,ROU,Romania,Europe,Eastern Europe,8875,Meat,Offline,2089,$421.89,$364.69,"$881,328.21","$761,837.41","$119,490.80"
161812150,11/9/2012,November,2012,Friday,11/12/2012,3,C,DNK,Denmark,Europe,Northern Europe,2455,Clothes,Online,2666,$109.28,$35.84,"$291,340.48","$95,549.44","$195,791.04"
162791907,8/30/2011,August,2011,Tuesday,10/19/2011,50,M,RUS,Russia,Europe,Eastern Europe,1270,Beverages,Offline,2598,$47.45,$31.79,"$123,275.10","$82,590.42","$40,684.68"
163587558,3/22/2016,March,2016,Tuesday,4/19/2016,28,M,MKD,Macedonia,Europe,Southern Europe,8969,Snacks,Offline,8048,$152.58,$97.44,"$1,227,963.84","$784,197.12","$443,766.72"
163744628,4/17/2017,April,2017,Monday,5/1/2017,14,L,FIN,Finland,Europe,Northern Europe,8681,Office Supplies,Offline,4529,$651.21,$524.96,"$2,949,330.09","$2,377,543.84","$571,786.25"
164259612,3/22/2015,March,2015,Sunday,4/29/2015,38,M,BEL,Belgium,Europe,Western Europe,8875,Meat,Offline,6924,$421.89,$364.69,"$2,921,166.36","$2,525,113.56","$396,052.80"
166810500,10/10/2011,October,2011,Monday,11/21/2011,42,M,BIH,Bosnia and Herzegovina,Europe,Southern Europe,2455,Clothes,Online,1789,$109.28,$35.84,"$195,501.92","$64,117.76","$131,384.16"
168319404,2/20/2012,February,2012,Monday,3/10/2012,19,H,SVK,Slovakia,Europe,Eastern Europe,8681,Office Supplies,Online,8307,$651.21,$524.96,"$5,409,601.47","$4,360,842.72","$1,048,758.75"
168487203,8/3/2014,August,2014,Sunday,9/21/2014,49,H,Unknow,Unknow,Unknow,Unknow,8681,Office Supplies,Offline,7962,$651.21,$524.96,"$5,184,934.02","$4,179,731.52","$1,005,202.50"
168960559,7/14/2013,July,2013,Sunday,8/19/2013,36,H,GEO,Georgia,Asia,Western Asia,7331,Baby Food,Online,8039,$255.28,$159.42,"$2,052,195.92","$1,281,577.38","$770,618.54"
168979442,10/22/2010,October,2010,Friday,12/10/2010,49,H,SMR,San Marino,Europe,Southern Europe,8875,Meat,Online,3627,$421.89,$364.69,"$1,530,195.03","$1,322,730.63","$207,464.40"
169378983,3/21/2014,March,2014,Friday,4/10/2014,20,L,CHE,Switzerland,Europe,Western Europe,8875,Meat,Online,1860,$421.89,$364.69,"$784,715.40","$678,323.40","$106,392.00"
169799983,10/22/2012,October,2012,Monday,11/20/2012,29,H,SVN,Slovenia,Europe,Southern Europe,4594,Fruits,Online,6443,$9.33,$6.92,"$60,113.19","$44,585.56","$15,527.63"
173122918,6/8/2015,June,2015,Monday,7/25/2015,47,M,BLR,Belarus,Europe,Eastern Europe,2455,Clothes,Offline,9773,$109.28,$35.84,"$1,067,993.44","$350,264.32","$717,729.12"
174218118,4/30/2016,April,2016,Saturday,6/13/2016,44,M,DEU,Germany,Europe,Western Europe,2103,Cereal,Offline,3867,$205.70,$117.11,"$795,441.90","$452,864.37","$342,577.53"
174614226,6/24/2017,June,2017,Saturday,8/13/2017,50,C,AND,Andorra,Europe,Southern Europe,7331,Baby Food,Offline,1085,$255.28,$159.42,"$276,978.80","$172,970.70","$104,008.10"
174935233,7/26/2016,July,2016,Tuesday,7/29/2016,3,M,FRA,France,Europe,Western Europe,8293,Cosmetics,Online,6078,$437.20,$263.33,"$2,657,301.60","$1,600,519.74","$1,056,781.86"
175723588,6/9/2014,June,2014,Monday,6/14/2014,5,L,MCO,Monaco,Europe,Western Europe,7940,Household,Online,9370,$668.27,$502.54,"$6,261,689.90","$4,708,799.80","$1,552,890.10"
176050603,9/8/2013,September,2013,Sunday,10/28/2013,50,C,POL,Poland,Europe,Eastern Europe,2103,Cereal,Online,6140,$205.70,$117.11,"$1,262,998.00","$719,055.40","$543,942.60"
176722657,9/8/2012,September,2012,Saturday,9/16/2012,8,H,EST,Estonia,Europe,Northern Europe,2455,Clothes,Online,5016,$109.28,$35.84,"$548,148.48","$179,773.44","$368,375.04"
177147090,7/15/2013,July,2013,Monday,8/17/2013,33,L,MCO,Monaco,Europe,Western Europe,8875,Meat,Offline,615,$421.89,$364.69,"$259,462.35","$224,284.35","$35,178.00"
178604066,9/20/2015,September,2015,Sunday,10/18/2015,28,C,AUT,Austria,Europe,Western Europe,7940,Household,Online,1767,$668.27,$502.54,"$1,180,833.09","$887,988.18","$292,844.91"
179819428,5/5/2012,May,2012,Saturday,6/2/2012,28,C,BGR,Bulgaria,Europe,Eastern Europe,8293,Cosmetics,Online,1420,$437.20,$263.33,"$620,824.00","$373,928.60","$246,895.40"
180358016,4/30/2016,April,2016,Saturday,5/16/2016,16,M,MLT,Malta,Europe,Southern Europe,1270,Beverages,Online,800,$47.45,$31.79,"$37,960.00","$25,432.00","$12,528.00"
180479466,1/5/2011,January,2011,Wednesday,1/12/2011,7,C,BLR,Belarus,Europe,Eastern Europe,5988,Vegetables,Online,6740,$154.06,$90.93,"$1,038,364.40","$612,868.20","$425,496.20"
181260526,5/3/2017,May,2017,Wednesday,6/3/2017,31,M,UKR,Ukraine,Europe,Eastern Europe,8681,Office Supplies,Offline,7872,$651.21,$524.96,"$5,126,325.12","$4,132,485.12","$993,840.00"
182078921,1/12/2016,January,2016,Tuesday,2/14/2016,33,H,FIN,Finland,Europe,Northern Europe,4594,Fruits,Offline,54,$9.33,$6.92,$503.82,$373.68,$130.14
182228696,5/31/2010,May,2010,Monday,7/12/2010,42,L,LVA,Latvia,Europe,Northern Europe,8681,Office Supplies,Online,4375,$651.21,$524.96,"$2,849,043.75","$2,296,700.00","$552,343.75"
183778369,12/24/2012,December,2012,Monday,1/7/2013,14,L,BIH,Bosnia and Herzegovina,Europe,Southern Europe,8969,Snacks,Online,2958,$152.58,$97.44,"$451,331.64","$288,227.52","$163,104.12"
183910119,6/9/2014,June,2014,Monday,6/11/2014,2,C,UKR,Ukraine,Europe,Eastern Europe,8293,Cosmetics,Online,1946,$437.20,$263.33,"$850,791.20","$512,440.18","$338,351.02"
184120833,10/27/2014,October,2014,Monday,10/31/2014,4,H,DNK,Denmark,Europe,Northern Europe,2455,Clothes,Offline,4301,$109.28,$35.84,"$470,013.28","$154,147.84","$315,865.44"
184412229,4/4/2015,April,2015,Saturday,4/7/2015,3,C,BIH,Bosnia and Herzegovina,Europe,Southern Europe,7331,Baby Food,Online,531,$255.28,$159.42,"$135,553.68","$84,652.02","$50,901.66"
184708344,11/27/2016,November,2016,Sunday,12/2/2016,5,H,BIH,Bosnia and Herzegovina,Europe,Southern Europe,5988,Vegetables,Online,8159,$154.06,$90.93,"$1,256,975.54","$741,897.87","$515,077.67"
184976994,8/21/2015,August,2015,Friday,9/21/2015,31,C,LIE,Liechtenstein,Europe,Western Europe,7940,Household,Online,7658,$668.27,$502.54,"$5,117,611.66","$3,848,451.32","$1,269,160.34"
185947310,1/6/2012,January,2012,Friday,1/27/2012,21,L,SMR,San Marino,Europe,Southern Europe,3127,Personal Care,online,4796,$81.73,$56.67,"$391,977.08","$271,789.32","$120,187.76"
185960614,4/20/2011,April,2011,Wednesday,5/28/2011,38,M,AUT,Austria,Europe,Western Europe,4594,Fruits,Offline,8733,$9.33,$6.92,"$81,478.89","$60,432.36","$21,046.53"
186079490,8/25/2015,August,2015,Tuesday,8/29/2015,4,L,DNK,Denmark,Europe,Northern Europe,5988,Vegetables,Online,3911,$154.06,$90.93,"$602,528.66","$355,627.23","$246,901.43"
186597907,11/1/2015,November,2015,Sunday,12/15/2015,44,M,LIE,Liechtenstein,Europe,Western Europe,8681,Office Supplies,Online,7322,$651.21,$524.96,"$4,768,159.62","$3,843,757.12","$924,402.50"
186847674,4/16/2017,April,2017,Sunday,4/23/2017,7,M,ISL,Iceland,Europe,Northern Europe,8293,Cosmetics,Online,1234,$437.20,$263.33,"$539,504.80","$324,949.22","$214,555.58"
187103450,5/4/2011,May,2011,Wednesday,5/14/2011,10,M,BEL,Belgium,Europe,Western Europe,4594,Fruits,Offline,6924,$9.33,$6.92,"$64,600.92","$47,914.08","$16,686.84"
188866841,5/16/2014,May,2014,Friday,5/20/2014,4,L,SVN,Slovenia,Europe,Southern Europe,2455,Clothes,Offline,8750,$109.28,$35.84,"$956,200.00","$313,600.00","$642,600.00"
189108455,5/11/2012,May,2012,Friday,6/30/2012,50,H,CZE,Czech Republic,Europe,Eastern Europe,8681,Office Supplies,Offline,249,$651.21,$524.96,"$162,151.29","$130,715.04","$31,436.25"
189667212,7/28/2012,July,2012,Saturday,9/3/2012,37,H,RUS,Russia,Europe,Eastern Europe,8969,Snacks,Offline,5598,$152.58,$97.44,"$854,142.84","$545,469.12","$308,673.72"
189924275,2/22/2013,February,2013,Friday,3/21/2013,27,L,HRV,Croatia,Europe,Southern Europe,1270,Beverages,Offline,1668,$47.45,$31.79,"$79,146.60","$53,025.72","$26,120.88"
190002810,6/20/2017,June,2017,Tuesday,8/5/2017,46,C,AND,Andorra,Europe,Southern Europe,2455,Clothes,Online,4909,$109.28,$35.84,"$536,455.52","$175,938.56","$360,516.96"
192236125,3/11/2017,March,2017,Saturday,3/22/2017,11,H,HRV,Croatia,Europe,Southern Europe,1270,Beverages,Offline,5796,$47.45,$31.79,"$275,020.20","$184,254.84","$90,765.36"
192589318,11/1/2012,November,2012,Thursday,12/16/2012,45,M,CZE,Czech Republic,Europe,Eastern Europe,4594,Fruits,Online,314,$9.33,$6.92,"$2,929.62","$2,172.88",$756.74
192922341,4/2/2012,April,2012,Monday,5/1/2012,29,C,AUT,Austria,Europe,Western Europe,1270,Beverages,Offline,8863,$47.45,$31.79,"$420,549.35","$281,754.77","$138,794.58"
193472945,7/27/2016,July,2016,Wednesday,9/13/2016,48,M,BEL,Belgium,Europe,Western Europe,8293,Cosmetics,Offline,1799,$437.20,$263.33,"$786,522.80","$473,730.67","$312,792.13"
194176757,7/10/2017,July,2017,Monday,8/20/2017,41,M,RUS,Russia,Europe,Eastern Europe,7940,Household,Online,72,$668.27,$502.54,"$48,115.44","$36,182.88","$11,932.56"
194785726,10/16/2014,October,2014,Thursday,11/13/2014,28,L,LIE,Liechtenstein,Europe,Western Europe,2103,Cereal,Offline,280,$205.70,$117.11,"$57,596.00","$32,790.80","$24,805.20"
194858253,5/17/2011,May,2011,Tuesday,5/22/2011,5,L,LUX,Luxembourg,Europe,Western Europe,3127,Personal Care,Online,1742,$81.73,$56.67,"$142,373.66","$98,719.14","$43,654.52"
194922626,1/23/2012,January,2012,Monday,2/7/2012,15,H,ARM,Armenia,Asia,Western Asia,7331,Baby Food,Offline,791,$255.28,$159.42,"$201,926.48","$126,101.22","$75,825.26"
195171105,7/25/2014,July,2014,Friday,9/4/2014,41,M,FIN,Finland,Europe,Northern Europe,3127,Personal Care,Online,4322,$81.73,$56.67,"$353,237.06","$244,927.74","$108,309.32"
195212733,7/18/2013,July,2013,Thursday,8/14/2013,27,H,EST,Estonia,Europe,Northern Europe,2103,Cereal,Offline,6641,$205.70,$117.11,"$1,366,053.70","$777,727.51","$588,326.19"
195259082,9/26/2013,September,2013,Thursday,10/11/2013,15,L,GRC,Greece,Europe,Southern Europe,7940,Household,Online,356,$668.27,$502.54,"$237,904.12","$178,904.24","$58,999.88"
196346127,2/28/2011,February,2011,Monday,4/12/2011,43,H,ARM,Armenia,Asia,Western Asia,8969,Snacks,Online,2037,$152.58,$97.44,"$310,805.46","$198,485.28","$112,320.18"
198537814,11/26/2011,November,2011,Saturday,12/19/2011,23,C,DNK,Denmark,Europe,Northern Europe,8875,Meat,Online,606,$421.89,$364.69,"$255,665.34","$221,002.14","$34,663.20"
200354850,4/1/2014,April,2014,Tuesday,5/4/2014,33,H,MKD,Macedonia,Europe,Southern Europe,7331,Baby Food,Offline,8307,$255.28,$159.42,"$2,120,610.96","$1,324,301.94","$796,309.02"
200432097,1/17/2012,January,2012,Tuesday,1/31/2012,14,L,PRT,Portugal,Europe,Southern Europe,7940,Household,Online,1167,$668.27,$502.54,"$779,871.09","$586,464.18","$193,406.91"
200507199,2/9/2014,February,2014,Sunday,2/25/2014,16,C,BGR,Bulgaria,Europe,Eastern Europe,8681,Office Supplies,Offline,3391,$651.21,$524.96,"$2,208,253.11","$1,780,139.36","$428,113.75"
201294267,1/9/2013,January,2013,Wednesday,2/9/2013,31,L,SMR,San Marino,Europe,Southern Europe,8969,Snacks,Offline,6302,$152.58,$97.44,"$961,559.16","$614,066.88","$347,492.28"
202047002,1/29/2012,January,2012,Sunday,3/6/2012,37,H,UKR,Ukraine,Europe,Eastern Europe,8293,Cosmetics,Online,9053,$437.20,$263.33,"$3,957,971.60","$2,383,926.49","$1,574,045.11"
203036630,6/24/2015,June,2015,Wednesday,7/28/2015,34,L,GEO,Georgia,Asia,Western Asia,7331,Baby Food,Online,1905,$255.28,$159.42,"$486,308.40","$303,695.10","$182,613.30"
203955876,6/15/2010,June,2010,Tuesday,7/18/2010,33,M,ISL,Iceland,Europe,Northern Europe,2103,Cereal,Online,3931,$205.70,$117.11,"$808,606.70","$460,359.41","$348,247.29"
204392325,8/20/2011,August,2011,Saturday,9/26/2011,37,H,HUN,Hungary,Europe,Eastern Europe,8681,Office Supplies,Online,3086,$651.21,$524.96,"$2,009,634.06","$1,620,026.56","$389,607.50"
204418504,8/7/2015,August,2015,Friday,9/3/2015,27,C,DEU,Germany,Europe,Western Europe,5988,Vegetables,Offline,833,$154.06,$90.93,"$128,331.98","$75,744.69","$52,587.29"
205354487,2/12/2012,February,2012,Sunday,2/20/2012,8,H,BIH,Bosnia and Herzegovina,Europe,Southern Europe,8293,Cosmetics,Offline,7811,$437.20,$263.33,"$3,414,969.20","$2,056,870.63","$1,358,098.57"
208238399,8/29/2015,August,2015,Saturday,10/15/2015,47,L,ALB,Albania,Europe,Southern Europe,8293,Cosmetics,Offline,1224,$437.20,$263.33,"$535,132.80","$322,315.92","$212,816.88"
208365428,11/27/2015,November,2015,Friday,12/29/2015,32,M,POL,Poland,Europe,Eastern Europe,8681,Office Supplies,Offline,8815,$651.21,$524.96,"$5,740,416.15","$4,627,522.40","$1,112,893.75"
209357202,1/14/2015,January,2015,Wednesday,1/22/2015,8,H,SVK,Slovakia,Europe,Eastern Europe,2103,Cereal,Online,2303,$205.70,$117.11,"$473,727.10","$269,704.33","$204,022.77"
209445178,3/18/2014,March,2014,Tuesday,4/20/2014,33,M,CHE,Switzerland,Europe,Western Europe,8293,Cosmetics,Offline,8337,$437.20,$263.33,"$3,644,936.40","$2,195,382.21","$1,449,554.19"
209598815,1/9/2013,January,2013,Wednesday,1/11/2013,2,L,CYP,Cyprus,Asia,Western Asia,2455,Clothes,Offline,3802,$109.28,$35.84,"$415,482.56","$136,263.68","$279,218.88"
209736573,8/24/2014,August,2014,Sunday,9/24/2014,31,C,SRB,Serbia,Europe,Southern Europe,8681,Office Supplies,Offline,4568,$651.21,$524.96,"$2,974,727.28","$2,398,017.28","$576,710.00"
211344611,3/1/2010,March,2010,Monday,3/23/2010,22,L,BGR,Bulgaria,Europe,Eastern Europe,8969,Snacks,Offline,422,$152.58,$97.44,"$64,388.76","$41,119.68","$23,269.08"
212106788,8/23/2011,August,2011,Tuesday,9/26/2011,34,H,LTU,Lithuania,Europe,Northern Europe,8681,Office Supplies,Online,5967,$651.21,$524.96,"$3,885,770.07","$3,132,436.32","$753,333.75"
212319648,4/30/2015,April,2015,Thursday,5/15/2015,15,L,MKD,Macedonia,Europe,Southern Europe,1270,Beverages,Offline,8957,$47.45,$31.79,"$425,009.65","$284,743.03","$140,266.62"
212903726,2/26/2015,February,2015,Thursday,2/26/2015,0,L,AND,Andorra,Europe,Southern Europe,8875,Meat,Online,1798,$421.89,$364.69,"$758,558.22","$655,712.62","$102,845.60"
214033257,11/29/2015,November,2015,Sunday,12/3/2015,4,L,RUS,Russia,Europe,Eastern Europe,8969,Snacks,Offline,6052,$152.58,$97.44,"$923,414.16","$589,706.88","$333,707.28"
214292466,3/20/2012,March,2012,Tuesday,4/13/2012,24,L,CHE,Switzerland,Europe,Western Europe,8969,Snacks,Online,2758,$152.58,$97.44,"$420,815.64","$268,739.52","$152,076.12"
215540015,12/21/2012,December,2012,Friday,12/24/2012,3,M,ROU,Romania,Europe,Eastern Europe,3127,Personal Care,Offline,1935,$81.73,$56.67,"$158,147.55","$109,656.45","$48,491.10"
215584218,6/7/2017,June,2017,Wednesday,6/21/2017,14,M,BLR,Belarus,Europe,Eastern Europe,5988,Vegetables,Offline,5016,$154.06,$90.93,"$772,764.96","$456,104.88","$316,660.08"
216278588,12/19/2015,December,2015,Saturday,12/19/2015,0,M,LUX,Luxembourg,Europe,Western Europe,8875,Meat,Online,495,$421.89,$364.69,"$208,835.55","$180,521.55","$28,314.00"
217248904,5/5/2012,May,2012,Saturday,6/15/2012,41,C,SVK,Slovakia,Europe,Eastern Europe,8681,Office Supplies,online,7633,$651.21,$524.96,"$4,970,685.93","$4,007,019.68","$963,666.25"
217859160,2/19/2016,February,2016,Friday,3/5/2016,15,L,EST,Estonia,Europe,Northern Europe,1270,Beverages,Offline,8222,$47.45,$31.79,"$390,133.90","$261,377.38","$128,756.52"
217920958,5/6/2011,May,2011,Friday,6/25/2011,50,H,HUN,Hungary,Europe,Eastern Europe,7331,Baby Food,Online,6509,$255.28,$159.42,"$1,661,617.52","$1,037,664.78","$623,952.74"
219451320,6/18/2014,June,2014,Wednesday,7/2/2014,14,M,UKR,Ukraine,Europe,Eastern Europe,8875,Meat,Offline,9377,$421.89,$364.69,"$3,956,062.53","$3,419,698.13","$536,364.40"
220607459,10/14/2013,October,2013,Monday,10/17/2013,3,C,EST,Estonia,Europe,Northern Europe,2103,Cereal,Online,1504,$205.70,$117.11,"$309,372.80","$176,133.44","$133,239.36"
221628844,7/28/2011,July,2011,Thursday,9/1/2011,35,M,RUS,Russia,Europe,Eastern Europe,2455,Clothes,Offline,3755,$109.28,$35.84,"$410,346.40","$134,579.20","$275,767.20"
222720611,3/16/2010,March,2010,Tuesday,4/1/2010,16,L,MLT,Malta,Europe,Southern Europe,7331,Baby Food,Offline,6833,$255.28,$159.42,"$1,744,328.24","$1,089,316.86","$655,011.38"
223199975,11/21/2016,November,2016,Monday,1/4/2017,44,L,DNK,Denmark,Europe,Northern Europe,1270,Beverages,Online,8687,$47.45,$31.79,"$412,198.15","$276,159.73","$136,038.42"
223869454,5/30/2010,May,2010,Sunday,6/27/2010,28,L,IRL,Ireland,Europe,Northern Europe,4594,Fruits,Online,6801,$9.33,$6.92,"$63,453.33","$47,062.92","$16,390.41"
224647080,6/23/2014,June,2014,Monday,7/30/2014,37,H,SVK,Slovakia,Europe,Eastern Europe,8681,Office Supplies,Offline,6918,$651.21,$524.96,"$4,505,070.78","$3,631,673.28","$873,397.50"
228211200,11/30/2012,November,2012,Friday,12/3/2012,3,H,SMR,San Marino,Europe,Southern Europe,8293,Cosmetics,Online,1620,$437.20,$263.33,"$708,264.00","$426,594.60","$281,669.40"
229105556,6/14/2010,June,2010,Monday,8/3/2010,50,L,Unknow,Unknow,Unknow,Unknow,8875,Meat,Offline,6280,$421.89,$364.69,"$2,649,469.20","$2,290,253.20","$359,216.00"
229355323,11/28/2011,November,2011,Monday,12/10/2011,12,L,LIE,Liechtenstein,Europe,Western Europe,5988,Vegetables,Offline,192,$154.06,$90.93,"$29,579.52","$17,458.56","$12,120.96"
229693067,7/15/2012,July,2012,Sunday,7/15/2012,0,L,LIE,Liechtenstein,Europe,Western Europe,8293,Cosmetics,Online,138,$437.20,$263.33,"$60,333.60","$36,339.54","$23,994.06"
231341445,8/28/2015,August,2015,Friday,10/7/2015,40,M,BIH,Bosnia and Herzegovina,Europe,Southern Europe,1270,Beverages,Online,7929,$47.45,$31.79,"$376,231.05","$252,062.91","$124,168.14"
231369769,5/9/2015,May,2015,Saturday,5/16/2015,7,M,SVK,Slovakia,Europe,Eastern Europe,2455,Clothes,Online,6311,$109.28,$35.84,"$689,666.08","$226,186.24","$463,479.84"
231450879,1/3/2010,January,2010,Sunday,2/22/2010,50,L,ARM,Armenia,Asia,Western Asia,2455,Clothes,Online,313,$109.28,$35.84,"$34,204.64","$11,217.92","$22,986.72"
231861150,10/17/2014,October,2014,Friday,11/1/2014,15,L,BLR,Belarus,Europe,Eastern Europe,8293,Cosmetics,Online,1722,$437.20,$263.33,"$752,858.40","$453,454.26","$299,404.14"
232196319,7/7/2017,July,2017,Friday,8/4/2017,28,L,POL,Poland,Europe,Eastern Europe,7940,Household,Offline,905,$668.27,$502.54,"$604,784.35","$454,798.70","$149,985.65"
233440434,1/5/2016,January,2016,Tuesday,2/17/2016,43,M,BEL,Belgium,Europe,Western Europe,8681,Office Supplies,Offline,9067,$651.21,$524.96,"$5,904,521.07","$4,759,812.32","$1,144,708.75"
233709084,9/28/2014,September,2014,Sunday,10/16/2014,18,M,LVA,Latvia,Europe,Northern Europe,2455,Clothes,Offline,8566,$109.28,$35.84,"$936,092.48","$307,005.44","$629,087.04"
233811223,7/20/2017,July,2017,Thursday,7/20/2017,0,C,CHE,Switzerland,Europe,Western Europe,8293,Cosmetics,Online,8792,$437.20,$263.33,"$3,843,862.40","$2,315,197.36","$1,528,665.04"
234082448,3/9/2014,March,2014,Sunday,3/9/2014,0,C,MNE,Montenegro,Europe,Southern Europe,2455,Clothes,Online,9053,$109.28,$35.84,"$989,311.84","$324,459.52","$664,852.32"
236042392,12/19/2013,December,2013,Thursday,1/26/2014,38,H,DEU,Germany,Europe,Western Europe,8681,Office Supplies,Offline,9044,$651.21,$524.96,"$5,889,543.24","$4,747,738.24","$1,141,805.00"
238170993,12/22/2012,December,2012,Saturday,2/7/2013,47,L,NOR,Norway,Europe,Northern Europe,1270,Beverages,Offline,8944,$47.45,$31.79,"$424,392.80","$284,329.76","$140,063.04"
239048612,7/17/2016,July,2016,Sunday,7/26/2016,9,L,SMR,San Marino,Europe,Southern Europe,3127,Personal Care,Online,8651,$81.73,$56.67,"$707,046.23","$490,252.17","$216,794.06"
239386355,3/4/2017,March,2017,Saturday,4/20/2017,47,L,SMR,San Marino,Europe,Southern Europe,8681,Office Supplies,Offline,8597,$651.21,$524.96,"$5,598,452.37","$4,513,081.12","$1,085,371.25"
239554154,1/18/2012,January,2012,Wednesday,2/13/2012,26,L,ISL,Iceland,Europe,Northern Europe,8681,Office Supplies,Offline,8253,$651.21,$524.96,"$5,374,436.13","$4,332,494.88","$1,041,941.25"
241392648,2/22/2017,February,2017,Wednesday,3/16/2017,22,H,MKD,Macedonia,Europe,Southern Europe,7940,Household,Online,2304,$668.27,$502.54,"$1,539,694.08","$1,157,852.16","$381,841.92"
242168128,5/2/2010,May,2010,Sunday,5/3/2010,1,M,CZE,Czech Republic,Europe,Eastern Europe,1270,Beverages,Online,1785,$47.45,$31.79,"$84,698.25","$56,745.15","$27,953.10"
242265546,12/6/2011,December,2011,Tuesday,1/7/2012,32,L,LUX,Luxembourg,Europe,Western Europe,4594,Fruits,Offline,614,$9.33,$6.92,"$5,728.62","$4,248.88","$1,479.74"
243070638,5/5/2011,May,2011,Thursday,5/22/2011,17,M,MLT,Malta,Europe,Southern Europe,8681,Office Supplies,Offline,8858,$651.21,$524.96,"$5,768,418.18","$4,650,095.68","$1,118,322.50"
243144452,6/14/2014,June,2014,Saturday,7/16/2014,32,H,GEO,Georgia,Asia,Western Asia,2103,Cereal,Online,701,$205.70,$117.11,"$144,195.70","$82,094.11","$62,101.59"
243226420,6/17/2013,June,2013,Monday,7/3/2013,16,H,Unknow,Unknow,Unknow,Unknow,1270,Beverages,Offline,4958,$47.45,$31.79,"$235,257.10","$157,614.82","$77,642.28"
243340575,8/6/2016,August,2016,Saturday,9/4/2016,29,C,MNE,Montenegro,Europe,Southern Europe,1270,Beverages,Offline,8739,$47.45,$31.79,"$414,665.55","$277,812.81","$136,852.74"
243391644,6/6/2010,June,2010,Sunday,6/27/2010,21,C,SVN,Slovenia,Europe,Southern Europe,3127,Personal Care,Online,3851,$81.73,$56.67,"$314,742.23","$218,236.17","$96,506.06"
243521249,2/26/2016,February,2016,Friday,3/28/2016,31,L,CHE,Switzerland,Europe,Western Europe,8293,Cosmetics,Online,2204,$437.20,$263.33,"$963,588.80","$580,379.32","$383,209.48"
243684327,5/23/2017,May,2017,Tuesday,5/30/2017,7,H,IRL,Ireland,Europe,Northern Europe,7331,Baby Food,Online,462,$255.28,$159.42,"$117,939.36","$73,652.04","$44,287.32"
244023358,12/21/2016,December,2016,Wednesday,1/22/2017,32,L,BEL,Belgium,Europe,Western Europe,1270,Beverages,Offline,789,$47.45,$31.79,"$37,438.05","$25,082.31","$12,355.74"
245440852,11/28/2015,November,2015,Saturday,12/17/2015,19,L,FRA,France,Europe,Western Europe,8875,Meat,Online,257,$421.89,$364.69,"$108,425.73","$93,725.33","$14,700.40"
245556294,6/5/2010,June,2010,Saturday,6/25/2010,20,C,AND,Andorra,Europe,Southern Europe,3127,Personal Care,Online,4419,$81.73,$56.67,"$361,164.87","$250,424.73","$110,740.14"
246603858,3/5/2012,March,2012,Monday,4/15/2012,41,H,LVA,Latvia,Europe,Northern Europe,8293,Cosmetics,Offline,4417,$437.20,$263.33,"$1,931,112.40","$1,163,128.61","$767,983.79"
246922719,7/13/2015,July,2015,Monday,7/29/2015,16,H,ALB,Albania,Europe,Southern Europe,8681,Office Supplies,Online,8775,$651.21,$524.96,"$5,714,367.75","$4,606,524.00","$1,107,843.75"
249039304,3/17/2014,March,2014,Monday,5/1/2014,45,L,RUS,Russia,Europe,Eastern Europe,5988,Vegetables,Offline,5119,$154.06,$90.93,"$788,633.14","$465,470.67","$323,162.47"
249606645,6/29/2012,June,2012,Friday,8/14/2012,46,C,LIE,Liechtenstein,Europe,Western Europe,4594,Fruits,Offline,3008,$9.33,$6.92,"$28,064.64","$20,815.36","$7,249.28"
249765861,11/13/2016,November,2016,Sunday,11/24/2016,11,M,GBR,United Kingdom,Europe,Northern Europe,2455,Clothes,Online,123,$109.28,$35.84,"$13,441.44","$4,408.32","$9,033.12"
250848186,1/30/2013,January,2013,Wednesday,3/7/2013,36,M,LUX,Luxembourg,Europe,Western Europe,2455,Clothes,Online,407,$109.28,$35.84,"$44,476.96","$14,586.88","$29,890.08"
251208674,6/2/2015,June,2015,Tuesday,7/19/2015,47,M,ARM,Armenia,Asia,Western Asia,8875,Meat,Offline,7084,$421.89,$364.69,"$2,988,668.76","$2,583,463.96","$405,204.80"
251823222,9/3/2010,September,2010,Friday,10/1/2010,28,L,GBR,United Kingdom,Europe,Northern Europe,2455,Clothes,Online,8942,$109.28,$35.84,"$977,181.76","$320,481.28","$656,700.48"
251907765,3/1/2015,March,2015,Sunday,4/7/2015,37,C,Unknow,Unknow,Unknow,Unknow,8969,Snacks,Offline,3961,$152.58,$97.44,"$604,369.38","$385,959.84","$218,409.54"
252541625,6/9/2017,June,2017,Friday,7/5/2017,26,C,Unknow,Unknow,Unknow,Unknow,7331,Baby Food,Offline,1534,$255.28,$159.42,"$391,599.52","$244,550.28","$147,049.24"
253055322,5/31/2016,May,2016,Tuesday,6/12/2016,12,H,ROU,Romania,Europe,Eastern Europe,1270,Beverages,Online,3548,$47.45,$31.79,"$168,352.60","$112,790.92","$55,561.68"
253211104,12/16/2010,December,2010,Thursday,12/27/2010,11,C,RUS,Russia,Europe,Eastern Europe,8681,Office Supplies,Online,9648,$651.21,$524.96,"$6,282,874.08","$5,064,814.08","$1,218,060.00"
255047452,10/1/2012,October,2012,Monday,10/30/2012,29,H,CYP,Cyprus,Asia,Western Asia,8969,Snacks,Online,3064,$152.58,$97.44,"$467,505.12","$298,556.16","$168,948.96"
256095016,7/2/2014,July,2014,Wednesday,8/21/2014,50,H,MNE,Montenegro,Europe,Southern Europe,8681,Office Supplies,Offline,3061,$651.21,$524.96,"$1,993,353.81","$1,606,902.56","$386,451.25"
259006392,5/22/2013,May,2013,Wednesday,6/6/2013,15,C,HRV,Croatia,Europe,Southern Europe,8681,Office Supplies,Online,4602,$651.21,$524.96,"$2,996,868.42","$2,415,865.92","$581,002.50"
259032571,5/9/2017,May,2017,Tuesday,5/13/2017,4,L,BEL,Belgium,Europe,Western Europe,5988,Vegetables,Online,2349,$154.06,$90.93,"$361,886.94","$213,594.57","$148,292.37"
260630738,11/5/2015,November,2015,Thursday,12/19/2015,44,M,Unknow,Unknow,Unknow,Unknow,8293,Cosmetics,Online,5282,$437.20,$263.33,"$2,309,290.40","$1,390,909.06","$918,381.34"
261187350,10/2/2012,October,2012,Tuesday,10/3/2012,1,C,IRL,Ireland,Europe,Northern Europe,2455,Clothes,Online,9996,$109.28,$35.84,"$1,092,362.88","$358,256.64","$734,106.24"
261640536,6/22/2015,June,2015,Monday,8/1/2015,40,M,BIH,Bosnia and Herzegovina,Europe,Southern Europe,7940,Household,Offline,4104,$668.27,$502.54,"$2,742,580.08","$2,062,424.16","$680,155.92"
262177836,12/6/2012,December,2012,Thursday,1/16/2013,41,H,ESP,Spain,Europe,Southern Europe,4594,Fruits,Offline,3103,$9.33,$6.92,"$28,950.99","$21,472.76","$7,478.23"
263098371,6/8/2014,June,2014,Sunday,7/4/2014,26,L,MCO,Monaco,Europe,Western Europe,3127,Personal Care,Online,5509,$81.73,$56.67,"$450,250.57","$312,195.03","$138,055.54"
263427960,8/6/2011,August,2011,Saturday,9/20/2011,45,H,AUT,Austria,Europe,Western Europe,4594,Fruits,Offline,3042,$9.33,$6.92,"$28,381.86","$21,050.64","$7,331.22"
263647687,3/23/2012,March,2012,Friday,3/30/2012,7,M,Unknow,Unknow,Unknow,Unknow,2455,Clothes,Online,8064,$109.28,$35.84,"$881,233.92","$289,013.76","$592,220.16"
263852393,6/10/2012,June,2012,Sunday,6/29/2012,19,L,Unknow,Unknow,Unknow,Unknow,7331,Baby Food,Offline,8641,$255.28,$159.42,"$2,205,874.48","$1,377,548.22","$828,326.26"
263882005,2/3/2011,February,2011,Thursday,2/27/2011,24,M,SVN,Slovenia,Europe,Southern Europe,1270,Beverages,Online,7404,$47.45,$31.79,"$351,319.80","$235,373.16","$115,946.64"
263977277,12/15/2016,December,2016,Thursday,1/10/2017,26,H,IRL,Ireland,Europe,Northern Europe,8681,Office Supplies,Offline,5597,$651.21,$524.96,"$3,644,822.37","$2,938,201.12","$706,621.25"
264163959,9/5/2016,September,2016,Monday,9/22/2016,17,C,LIE,Liechtenstein,Europe,Western Europe,1270,Beverages,Online,840,$47.45,$31.79,"$39,858.00","$26,703.60","$13,154.40"
264526593,9/30/2014,September,2014,Tuesday,10/7/2014,7,H,ROU,Romania,Europe,Eastern Europe,3127,Personal Care,Offline,8152,$81.73,$56.67,"$666,262.96","$461,973.84","$204,289.12"
264856183,11/27/2011,November,2011,Sunday,12/23/2011,26,L,CYP,Cyprus,Asia,Western Asia,4594,Fruits,Online,5685,$9.33,$6.92,"$53,041.05","$39,340.20","$13,700.85"
264928710,1/24/2016,January,2016,Sunday,1/27/2016,3,L,EST,Estonia,Europe,Northern Europe,2455,Clothes,Offline,7147,$109.28,$35.84,"$781,024.16","$256,148.48","$524,875.68"
264959609,9/1/2013,September,2013,Sunday,10/18/2013,47,C,GEO,Georgia,Asia,Western Asia,8969,Snacks,Online,6291,$152.58,$97.44,"$959,880.78","$612,995.04","$346,885.74"
265191352,8/18/2014,August,2014,Monday,9/26/2014,39,M,SRB,Serbia,Europe,Southern Europe,8969,Snacks,Offline,4869,$152.58,$97.44,"$742,912.02","$474,435.36","$268,476.66"
265914475,1/12/2015,January,2015,Monday,2/21/2015,40,M,MLT,Malta,Europe,Southern Europe,8293,Cosmetics,Online,8857,$437.20,$263.33,"$3,872,280.40","$2,332,313.81","$1,539,966.59"
266614854,9/23/2013,September,2013,Monday,10/10/2013,17,M,SRB,Serbia,Europe,Southern Europe,7940,Household,Online,6115,$668.27,$502.54,"$4,086,471.05","$3,073,032.10","$1,013,438.95"
266638886,5/22/2014,May,2014,Thursday,6/19/2014,28,C,AND,Andorra,Europe,Southern Europe,7940,Household,Online,3227,$668.27,$502.54,"$2,156,507.29","$1,621,696.58","$534,810.71"
268373954,2/25/2010,February,2010,Thursday,2/28/2010,3,H,AUT,Austria,Europe,Western Europe,8681,Office Supplies,Online,6672,$651.21,$524.96,"$4,344,873.12","$3,502,533.12","$842,340.00"
270358788,12/11/2014,December,2014,Thursday,1/24/2015,44,M,ALB,Albania,Europe,Southern Europe,1270,Beverages,Offline,4028,$47.45,$31.79,"$191,128.60","$128,050.12","$63,078.48"
272361218,6/26/2010,June,2010,Saturday,7/3/2010,7,C,PRT,Portugal,Europe,Southern Europe,8969,Snacks,Offline,6592,$152.58,$97.44,"$1,005,807.36","$642,324.48","$363,482.88"
272425591,3/4/2011,March,2011,Friday,3/21/2011,17,L,DNK,Denmark,Europe,Northern Europe,4594,Fruits,Online,5641,$9.33,$6.92,"$52,630.53","$39,035.72","$13,594.81"
273662412,7/20/2010,July,2010,Tuesday,7/23/2010,3,C,BGR,Bulgaria,Europe,Eastern Europe,8875,Meat,Online,1644,$421.89,$364.69,"$693,587.16","$599,550.36","$94,036.80"
273940503,9/14/2011,September,2011,Wednesday,10/19/2011,35,L,ROU,Romania,Europe,Eastern Europe,2103,Cereal,Online,3937,$205.70,$117.11,"$809,840.90","$461,062.07","$348,778.83"
274694526,4/13/2017,April,2017,Thursday,5/11/2017,28,C,MLT,Malta,Europe,Southern Europe,3127,Personal Care,Offline,7069,$81.73,$56.67,"$577,749.37","$400,600.23","$177,149.14"
274989354,5/28/2012,May,2012,Monday,7/10/2012,43,M,SWE,Sweden,Europe,Northern Europe,8969,Snacks,Online,4316,$152.58,$97.44,"$658,535.28","$420,551.04","$237,984.24"
276784074,3/21/2015,March,2015,Saturday,4/15/2015,25,C,DEU,Germany,Europe,Western Europe,2455,Clothes,Online,5413,$109.28,$35.84,"$591,532.64","$194,001.92","$397,530.72"
276850593,8/21/2011,August,2011,Sunday,9/3/2011,13,L,MLT,Malta,Europe,Southern Europe,7331,Baby Food,Offline,5097,$255.28,$159.42,"$1,301,162.16","$812,563.74","$488,598.42"
278513133,10/25/2010,October,2010,Monday,11/5/2010,11,H,MKD,Macedonia,Europe,Southern Europe,4594,Fruits,Online,7080,$9.33,$6.92,"$66,056.40","$48,993.60","$17,062.80"
279338395,1/10/2014,January,2014,Friday,2/24/2014,45,L,RUS,Russia,Europe,Eastern Europe,2103,Cereal,Online,1293,$205.70,$117.11,"$265,970.10","$151,423.23","$114,546.87"
279703605,1/1/2010,January,2010,Friday,1/10/2010,9,C,HUN,Hungary,Europe,Eastern Europe,7331,Baby Food,Offline,9367,$255.28,$159.42,"$2,391,207.76","$1,493,287.14","$897,920.62"
279816472,3/9/2014,March,2014,Sunday,4/14/2014,36,H,PRT,Portugal,Europe,Southern Europe,8969,Snacks,Offline,2767,$152.58,$97.44,"$422,188.86","$269,616.48","$152,572.38"
280192410,7/16/2011,July,2011,Saturday,8/28/2011,43,H,FIN,Finland,Europe,Northern Europe,2103,Cereal,Online,4016,$205.70,$117.11,"$826,091.20","$470,313.76","$355,777.44"
280477797,10/23/2011,October,2011,Sunday,10/24/2011,1,L,GRC,Greece,Europe,Southern Europe,2103,Cereal,Offline,8468,$205.70,$117.11,"$1,741,867.60","$991,687.48","$750,180.12"
281100928,9/16/2012,September,2012,Sunday,11/3/2012,48,H,ITA,Italy,Europe,Southern Europe,8969,Snacks,Online,2866,$152.58,$97.44,"$437,294.28","$279,263.04","$158,031.24"
282917964,1/20/2015,January,2015,Tuesday,1/27/2015,7,L,RUS,Russia,Europe,Eastern Europe,8681,Office Supplies,Offline,567,$651.21,$524.96,"$369,236.07","$297,652.32","$71,583.75"
284108436,3/29/2014,March,2014,Saturday,4/3/2014,5,M,MLT,Malta,Europe,Southern Europe,8293,Cosmetics,Online,2854,$437.20,$263.33,"$1,247,768.80","$751,543.82","$496,224.98"
284310567,7/20/2016,July,2016,Wednesday,9/2/2016,44,M,POL,Poland,Europe,Eastern Europe,8293,Cosmetics,Offline,2670,$437.20,$263.33,"$1,167,324.00","$703,091.10","$464,232.90"
284403264,12/7/2016,December,2016,Wednesday,12/27/2016,20,C,SWE,Sweden,Europe,Northern Europe,5988,Vegetables,Offline,101,$154.06,$90.93,"$15,560.06","$9,183.93","$6,376.13"
284435451,6/29/2013,June,2013,Saturday,6/29/2013,0,C,MNE,Montenegro,Europe,Southern Europe,3127,Personal Care,Offline,9625,$81.73,$56.67,"$786,651.25","$545,448.75","$241,202.50"
284595954,10/27/2016,October,2016,Thursday,10/29/2016,2,C,SMR,San Marino,Europe,Southern Europe,8293,Cosmetics,Offline,7122,$437.20,$263.33,"$3,113,738.40","$1,875,436.26","$1,238,302.14"
285343968,8/31/2014,August,2014,Sunday,9/5/2014,5,C,SRB,Serbia,Europe,Southern Europe,5988,Vegetables,Online,8476,$154.06,$90.93,"$1,305,812.56","$770,722.68","$535,089.88"
287151563,8/2/2014,August,2014,Saturday,8/11/2014,9,M,CHE,Switzerland,Europe,Western Europe,3127,Personal Care,Offline,3383,$81.73,$56.67,"$276,492.59","$191,714.61","$84,777.98"
287917602,12/3/2012,December,2012,Monday,1/5/2013,33,L,DEU,Germany,Europe,Western Europe,3127,Personal Care,Online,71,$81.73,$56.67,"$5,802.83","$4,023.57","$1,779.26"
288073384,1/15/2015,January,2015,Thursday,2/16/2015,32,H,GRC,Greece,Europe,Southern Europe,7331,Baby Food,Offline,6171,$255.28,$159.42,"$1,575,332.88","$983,780.82","$591,552.06"
288656175,11/30/2015,November,2015,Monday,12/30/2015,30,L,BIH,Bosnia and Herzegovina,Europe,Southern Europe,8681,Office Supplies,Offline,8632,$651.21,$524.96,"$5,621,244.72","$4,531,454.72","$1,089,790.00"
290317428,2/21/2016,February,2016,Sunday,4/2/2016,41,M,ITA,Italy,Europe,Southern Europe,8875,Meat,Online,233,$421.89,$364.69,"$98,300.37","$84,972.77","$13,327.60"
291160714,4/10/2012,April,2012,Tuesday,5/26/2012,46,H,AND,Andorra,Europe,Southern Europe,8293,Cosmetics,Online,9780,$437.20,$263.33,"$4,275,816.00","$2,575,367.40","$1,700,448.60"
291179597,2/13/2017,February,2017,Monday,2/20/2017,7,H,LIE,Liechtenstein,Europe,Western Europe,7940,Household,Online,5368,$668.27,$502.54,"$3,587,273.36","$2,697,634.72","$889,638.64"
291305768,1/5/2013,January,2013,Saturday,1/6/2013,1,H,BIH,Bosnia and Herzegovina,Europe,Southern Europe,4594,Fruits,Online,2705,$9.33,$6.92,"$25,237.65","$18,718.60","$6,519.05"
291531503,10/23/2013,October,2013,Wednesday,10/26/2013,3,L,SVK,Slovakia,Europe,Eastern Europe,1270,Beverages,Online,9505,$47.45,$31.79,"$451,012.25","$302,163.95","$148,848.30"
291611325,2/1/2017,February,2017,Wednesday,2/10/2017,9,M,HUN,Hungary,Europe,Eastern Europe,8969,Snacks,Offline,3126,$152.58,$97.44,"$476,965.08","$304,597.44","$172,367.64"
291995418,5/2/2010,May,2010,Sunday,6/6/2010,35,L,Unknow,Unknow,Unknow,Unknow,4594,Fruits,Online,6788,$9.33,$6.92,"$63,332.04","$46,972.96","$16,359.08"
292424571,5/24/2012,May,2012,Thursday,6/5/2012,12,C,Unknow,Unknow,Unknow,Unknow,8293,Cosmetics,Offline,3784,$437.20,$263.33,"$1,654,364.80","$996,440.72","$657,924.08"
293178594,5/27/2010,May,2010,Thursday,6/1/2010,5,C,SMR,San Marino,Europe,Southern Europe,3127,Personal Care,Online,6916,$81.73,$56.67,"$565,244.68","$391,929.72","$173,314.96"
295168149,5/28/2016,May,2016,Saturday,7/16/2016,49,L,SVN,Slovenia,Europe,Southern Europe,4594,Fruits,Offline,5669,$9.33,$6.92,"$52,891.77","$39,229.48","$13,662.29"
295787847,1/18/2015,January,2015,Sunday,2/16/2015,29,H,LIE,Liechtenstein,Europe,Western Europe,7331,Baby Food,Online,9052,$255.28,$159.42,"$2,310,794.56","$1,443,069.84","$867,724.72"
296073234,4/27/2015,April,2015,Monday,6/4/2015,38,C,MLT,Malta,Europe,Southern Europe,7331,Baby Food,Offline,3504,$255.28,$159.42,"$894,501.12","$558,607.68","$335,893.44"
298228013,9/20/2010,September,2010,Monday,10/25/2010,35,H,SWE,Sweden,Europe,Northern Europe,5988,Vegetables,Online,1151,$154.06,$90.93,"$177,323.06","$104,660.43","$72,662.63"
298978602,1/16/2014,January,2014,Thursday,1/28/2014,12,M,FRA,France,Europe,Western Europe,2455,Clothes,Offline,3267,$109.28,$35.84,"$357,017.76","$117,089.28","$239,928.48"
299335229,12/12/2011,December,2011,Monday,12/24/2011,12,M,ROU,Romania,Europe,Eastern Europe,8293,Cosmetics,Offline,8801,$437.20,$263.33,"$3,847,797.20","$2,317,567.33","$1,530,229.87"
299739491,7/25/2016,July,2016,Monday,9/1/2016,38,M,Unknow,Unknow,Unknow,Unknow,4594,Fruits,Offline,8431,$9.33,$6.92,"$78,661.23","$58,342.52","$20,318.71"
302015721,3/22/2014,March,2014,Saturday,4/17/2014,26,H,SRB,Serbia,Europe,Southern Europe,7331,Baby Food,Online,2018,$255.28,$159.42,"$515,155.04","$321,709.56","$193,445.48"
302442729,12/23/2012,December,2012,Sunday,1/17/2013,25,C,MLT,Malta,Europe,Southern Europe,7331,Baby Food,Offline,8379,$255.28,$159.42,"$2,138,991.12","$1,335,780.18","$803,210.94"
302744853,10/16/2014,October,2014,Thursday,11/2/2014,17,H,HUN,Hungary,Europe,Eastern Europe,3127,Personal Care,Offline,7785,$81.73,$56.67,"$636,268.05","$441,175.95","$195,092.10"
303534495,8/13/2011,August,2011,Saturday,8/18/2011,5,H,ISL,Iceland,Europe,Northern Europe,4594,Fruits,Offline,1457,$9.33,$6.92,"$13,593.81","$10,082.44","$3,511.37"
305569112,4/14/2011,April,2011,Thursday,6/3/2011,50,M,ESP,Spain,Europe,Southern Europe,5988,Vegetables,Offline,3545,$154.06,$90.93,"$546,142.70","$322,346.85","$223,795.85"
305616748,6/6/2010,June,2010,Sunday,7/1/2010,25,M,MNE,Montenegro,Europe,Southern Europe,2103,Cereal,Offline,7642,$205.70,$117.11,"$1,571,959.40","$894,954.62","$677,004.78"
306256616,11/14/2012,November,2012,Wednesday,11/18/2012,4,L,ITA,Italy,Europe,Southern Europe,3127,Personal Care,Offline,6993,$81.73,$56.67,"$571,537.89","$396,293.31","$175,244.58"
306839406,9/29/2013,September,2013,Sunday,10/1/2013,2,H,DNK,Denmark,Europe,Northern Europe,7331,Baby Food,Offline,9454,$255.28,$159.42,"$2,413,417.12","$1,507,156.68","$906,260.44"
307305467,7/29/2013,July,2013,Monday,8/10/2013,12,M,Unknow,Unknow,Unknow,Unknow,4594,Fruits,Online,7371,$9.33,$6.92,"$68,771.43","$51,007.32","$17,764.11"
307721745,12/14/2010,December,2010,Tuesday,1/1/2011,18,M,ITA,Italy,Europe,Southern Europe,8969,Snacks,Online,558,$152.58,$97.44,"$85,139.64","$54,371.52","$30,768.12"
308582627,12/23/2012,December,2012,Sunday,2/9/2013,48,C,SRB,Serbia,Europe,Southern Europe,1270,Beverages,Offline,5312,$47.45,$31.79,"$252,054.40","$168,868.48","$83,185.92"
309148681,4/23/2012,April,2012,Monday,5/5/2012,12,M,ESP,Spain,Europe,Southern Europe,7940,Household,Offline,2819,$668.27,$502.54,"$1,883,853.13","$1,416,660.26","$467,192.87"
309188163,7/24/2015,July,2015,Friday,8/12/2015,19,C,BEL,Belgium,Europe,Western Europe,4594,Fruits,Online,4503,$9.33,$6.92,"$42,012.99","$31,160.76","$10,852.23"
309285581,2/26/2017,February,2017,Sunday,4/17/2017,50,H,IRL,Ireland,Europe,Northern Europe,3127,Personal Care,Offline,3331,$81.73,$56.67,"$272,242.63","$188,767.77","$83,474.86"
309342658,2/25/2011,February,2011,Friday,3/28/2011,31,C,ITA,Italy,Europe,Southern Europe,3127,Personal Care,Online,222,$81.73,$56.67,"$18,144.06","$12,580.74","$5,563.32"
310588920,12/14/2012,December,2012,Friday,1/6/2013,23,H,MLT,Malta,Europe,Southern Europe,8293,Cosmetics,Offline,9018,$437.20,$263.33,"$3,942,669.60","$2,374,709.94","$1,567,959.66"
311221492,4/11/2016,April,2016,Monday,5/7/2016,26,L,SWE,Sweden,Europe,Northern Europe,4594,Fruits,Online,6210,$9.33,$6.92,"$57,939.30","$42,973.20","$14,966.10"
311688840,1/22/2015,January,2015,Thursday,2/14/2015,23,L,GBR,United Kingdom,Europe,Northern Europe,3127,Personal Care,Offline,4509,$81.73,$56.67,"$368,520.57","$255,525.03","$112,995.54"
311921012,8/15/2010,August,2010,Sunday,8/26/2010,11,H,BLR,Belarus,Europe,Eastern Europe,1270,Beverages,Online,3214,$47.45,$31.79,"$152,504.30","$102,173.06","$50,331.24"
311956632,1/4/2017,January,2017,Wednesday,1/10/2017,6,C,EST,Estonia,Europe,Northern Europe,8293,Cosmetics,Offline,3755,$437.20,$263.33,"$1,641,686.00","$988,804.15","$652,881.85"
313178002,10/19/2013,October,2013,Saturday,12/6/2013,48,C,BGR,Bulgaria,Europe,Eastern Europe,1270,Beverages,Offline,5185,$47.45,$31.79,"$246,028.25","$164,831.15","$81,197.10"
313705861,5/29/2016,May,2016,Sunday,7/10/2016,42,L,MNE,Montenegro,Europe,Southern Europe,4594,Fruits,Offline,1390,$9.33,$6.92,"$12,968.70","$9,618.80","$3,349.90"
313821303,12/5/2010,December,2010,Sunday,1/17/2011,43,H,HUN,Hungary,Europe,Eastern Europe,8681,Office Supplies,Online,5552,$651.21,$524.96,"$3,615,517.92","$2,914,577.92","$700,940.00"
314782178,6/15/2012,June,2012,Friday,7/12/2012,27,L,ITA,Italy,Europe,Southern Europe,7331,Baby Food,Offline,9896,$255.28,$159.42,"$2,526,250.88","$1,577,620.32","$948,630.56"
315066277,10/10/2013,October,2013,Thursday,11/28/2013,49,L,SVK,Slovakia,Europe,Eastern Europe,8969,Snacks,Offline,3968,$152.58,$97.44,"$605,437.44","$386,641.92","$218,795.52"
316466176,5/22/2014,May,2014,Thursday,6/2/2014,11,H,EST,Estonia,Europe,Northern Europe,7331,Baby Food,Offline,8229,$255.28,$159.42,"$2,100,699.12","$1,311,867.18","$788,831.94"
317006051,4/30/2017,April,2017,Sunday,6/5/2017,36,H,GRC,Greece,Europe,Southern Europe,1270,Beverages,Offline,7990,$47.45,$31.79,"$379,125.50","$254,002.10","$125,123.40"
318523538,10/7/2015,October,2015,Wednesday,11/5/2015,29,M,EST,Estonia,Europe,Northern Europe,2103,Cereal,Online,7048,$205.70,$117.11,"$1,449,773.60","$825,391.28","$624,382.32"
320431125,3/11/2015,March,2015,Wednesday,4/17/2015,37,H,AND,Andorra,Europe,Southern Europe,1270,Beverages,Online,1545,$47.45,$31.79,"$73,310.25","$49,115.55","$24,194.70"
321628463,4/27/2011,April,2011,Wednesday,5/14/2011,17,L,POL,Poland,Europe,Eastern Europe,7940,Household,Online,5864,$668.27,$502.54,"$3,918,735.28","$2,946,894.56","$971,840.72"
322524106,5/20/2015,May,2015,Wednesday,5/20/2015,0,C,CZE,Czech Republic,Europe,Eastern Europe,2103,Cereal,Offline,905,$205.70,$117.11,"$186,158.50","$105,984.55","$80,173.95"
323293578,12/24/2015,December,2015,Thursday,2/2/2016,40,H,AUT,Austria,Europe,Western Europe,2103,Cereal,Online,8609,$205.70,$117.11,"$1,770,871.30","$1,008,199.99","$762,671.31"
325314033,1/6/2012,January,2012,Friday,1/30/2012,24,H,CYP,Cyprus,Asia,Western Asia,2455,Clothes,Online,6506,$109.28,$35.84,"$710,975.68","$233,175.04","$477,800.64"
327072703,11/1/2013,November,2013,Friday,11/16/2013,15,C,SVK,Slovakia,Europe,Eastern Europe,8293,Cosmetics,Online,6936,$437.20,$263.33,"$3,032,419.20","$1,826,456.88","$1,205,962.32"
327604424,4/21/2013,April,2013,Sunday,5/13/2013,22,L,HUN,Hungary,Europe,Eastern Europe,1270,Beverages,Online,4284,$47.45,$31.79,"$203,275.80","$136,188.36","$67,087.44"
328322827,6/30/2012,June,2012,Saturday,7/19/2012,19,C,AND,Andorra,Europe,Southern Europe,8293,Cosmetics,Online,6876,$437.20,$263.33,"$3,006,187.20","$1,810,657.08","$1,195,530.12"
328721082,12/14/2016,December,2016,Wednesday,12/18/2016,4,L,Unknow,Unknow,Unknow,Unknow,7331,Baby Food,Online,4728,$255.28,$159.42,"$1,206,963.84","$753,737.76","$453,226.08"
329529607,1/18/2011,January,2011,Tuesday,1/23/2011,5,L,UKR,Ukraine,Europe,Eastern Europe,8293,Cosmetics,Online,3988,$437.20,$263.33,"$1,743,553.60","$1,050,160.04","$693,393.56"
330590474,1/30/2012,January,2012,Monday,3/14/2012,44,L,NOR,Norway,Europe,Northern Europe,8681,Office Supplies,Online,7923,$651.21,$524.96,"$5,159,536.83","$4,159,258.08","$1,000,278.75"
332268464,11/6/2013,November,2013,Wednesday,12/14/2013,38,C,POL,Poland,Europe,Eastern Europe,2103,Cereal,Online,4477,$205.70,$117.11,"$920,918.90","$524,301.47","$396,617.43"
332353007,10/6/2010,October,2010,Wednesday,11/22/2010,47,H,HUN,Hungary,Europe,Eastern Europe,8293,Cosmetics,Online,9495,$437.20,$263.33,"$4,151,214.00","$2,500,318.35","$1,650,895.65"
333304440,6/11/2017,June,2017,Sunday,7/5/2017,24,L,CYP,Cyprus,Asia,Western Asia,8875,Meat,Online,1046,$421.89,$364.69,"$441,296.94","$381,465.74","$59,831.20"
334539973,4/18/2010,April,2010,Sunday,5/11/2010,23,M,ITA,Italy,Europe,Southern Europe,2455,Clothes,Online,6667,$109.28,$35.84,"$728,569.76","$238,945.28","$489,624.48"
336111962,5/24/2012,May,2012,Thursday,6/16/2012,23,M,Unknow,Unknow,Unknow,Unknow,3127,Personal Care,Offline,1854,$81.73,$56.67,"$151,527.42","$105,066.18","$46,461.24"
336813628,1/16/2010,January,2010,Saturday,2/23/2010,38,C,SWE,Sweden,Europe,Northern Europe,8293,Cosmetics,Offline,9492,$437.20,$263.33,"$4,149,902.40","$2,499,528.36","$1,650,374.04"
337354791,12/9/2011,December,2011,Friday,1/28/2012,50,L,NOR,Norway,Europe,Northern Europe,8293,Cosmetics,Offline,9634,$437.20,$263.33,"$4,211,984.80","$2,536,921.22","$1,675,063.58"
339786803,9/17/2011,September,2011,Saturday,10/25/2011,38,H,LUX,Luxembourg,Europe,Western Europe,8681,Office Supplies,Offline,9321,$651.21,$524.96,"$6,069,928.41","$4,893,152.16","$1,176,776.25"
339999663,5/26/2015,May,2015,Tuesday,6/13/2015,18,L,MLT,Malta,Europe,Southern Europe,8969,Snacks,Online,2311,$152.58,$97.44,"$352,612.38","$225,183.84","$127,428.54"
340213811,6/20/2010,June,2010,Sunday,7/26/2010,36,C,FRA,France,Europe,Western Europe,8681,Office Supplies,Online,5682,$651.21,$524.96,"$3,700,175.22","$2,982,822.72","$717,352.50"
341398274,1/22/2017,January,2017,Sunday,3/7/2017,44,L,GEO,Georgia,Asia,Western Asia,8969,Snacks,Offline,6191,$152.58,$97.44,"$944,622.78","$603,251.04","$341,371.74"
343185698,3/7/2013,March,2013,Thursday,4/25/2013,49,H,EST,Estonia,Europe,Northern Europe,8681,Office Supplies,Offline,5129,$651.21,$524.96,"$3,340,056.09","$2,692,519.84","$647,536.25"
343730294,5/1/2017,May,2017,Monday,5/28/2017,27,L,LVA,Latvia,Europe,Northern Europe,8681,Office Supplies,Online,6287,$651.21,$524.96,"$4,094,157.27","$3,300,423.52","$793,733.75"
343889510,2/19/2014,February,2014,Wednesday,4/2/2014,42,M,UKR,Ukraine,Europe,Eastern Europe,1270,Beverages,Online,3403,$47.45,$31.79,"$161,472.35","$108,181.37","$53,290.98"
344160735,10/9/2010,October,2010,Saturday,11/20/2010,42,M,NLD,Netherlands,Europe,Western Europe,8875,Meat,Online,3664,$421.89,$364.69,"$1,545,804.96","$1,336,224.16","$209,580.80"
346498763,3/18/2011,March,2011,Friday,4/2/2011,15,L,MCO,Monaco,Europe,Western Europe,5988,Vegetables,Online,5539,$154.06,$90.93,"$853,338.34","$503,661.27","$349,677.07"
347609412,9/10/2014,September,2014,Wednesday,9/17/2014,7,C,CHE,Switzerland,Europe,Western Europe,8293,Cosmetics,Offline,4205,$437.20,$263.33,"$1,838,426.00","$1,107,302.65","$731,123.35"
348080623,5/3/2010,May,2010,Monday,5/19/2010,16,M,AND,Andorra,Europe,Southern Europe,8969,Snacks,Online,3646,$152.58,$97.44,"$556,306.68","$355,266.24","$201,040.44"
349060380,9/16/2016,September,2016,Friday,9/28/2016,12,H,MKD,Macedonia,Europe,Southern Europe,7331,Baby Food,Online,3578,$255.28,$159.42,"$913,391.84","$570,404.76","$342,987.08"
349212729,7/27/2016,July,2016,Wednesday,9/11/2016,46,C,BGR,Bulgaria,Europe,Eastern Europe,8875,Meat,Online,8662,$421.89,$364.69,"$3,654,411.18","$3,158,944.78","$495,466.40"
350550401,3/25/2012,March,2012,Sunday,4/22/2012,28,H,SRB,Serbia,Europe,Southern Europe,8293,Cosmetics,Online,4508,$437.20,$263.33,"$1,970,897.60","$1,187,091.64","$783,805.96"
350977408,12/26/2010,December,2010,Sunday,1/22/2011,27,C,MKD,Macedonia,Europe,Southern Europe,8293,Cosmetics,Online,869,$437.20,$263.33,"$379,926.80","$228,833.77","$151,093.03"
351247346,3/29/2016,March,2016,Tuesday,5/8/2016,40,H,MCO,Monaco,Europe,Western Europe,3127,Personal Care,Online,750,$81.73,$56.67,"$61,297.50","$42,502.50","$18,795.00"
352342545,2/19/2017,February,2017,Sunday,3/27/2017,36,M,ESP,Spain,Europe,Southern Europe,8969,Snacks,Offline,4844,$152.58,$97.44,"$739,097.52","$471,999.36","$267,098.16"
353191840,6/8/2013,June,2013,Saturday,7/9/2013,31,H,EST,Estonia,Europe,Northern Europe,2455,Clothes,Offline,6169,$109.28,$35.84,"$674,148.32","$221,096.96","$453,051.36"
353320157,8/19/2012,August,2012,Sunday,8/22/2012,3,L,MNE,Montenegro,Europe,Southern Europe,8293,Cosmetics,Offline,4141,$437.20,$263.33,"$1,810,445.20","$1,090,449.53","$719,995.67"
353383243,5/15/2014,May,2014,Thursday,6/9/2014,25,L,Unknow,Unknow,Unknow,Unknow,8681,Office Supplies,Online,2809,$651.21,$524.96,"$1,829,248.89","$1,474,612.64","$354,636.25"
353415429,12/4/2010,December,2010,Saturday,12/8/2010,4,M,CZE,Czech Republic,Europe,Eastern Europe,3127,Personal Care,Online,2334,$81.73,$56.67,"$190,757.82","$132,267.78","$58,490.04"
353475940,10/2/2014,October,2014,Thursday,10/4/2014,2,H,NLD,Netherlands,Europe,Western Europe,3127,Personal Care,Offline,240,$81.73,$56.67,"$19,615.20","$13,600.80","$6,014.40"
353492677,4/17/2016,April,2016,Sunday,5/23/2016,36,C,HUN,Hungary,Europe,Eastern Europe,4594,Fruits,Offline,5193,$9.33,$6.92,"$48,450.69","$35,935.56","$12,515.13"
354270303,10/14/2012,October,2012,Sunday,11/27/2012,44,L,SMR,San Marino,Europe,Southern Europe,5988,Vegetables,Offline,5310,$154.06,$90.93,"$818,058.60","$482,838.30","$335,220.30"
354655683,7/24/2012,July,2012,Tuesday,7/31/2012,7,M,MKD,Macedonia,Europe,Southern Europe,1270,Beverages,Offline,9353,$47.45,$31.79,"$443,799.85","$297,331.87","$146,467.98"
354667699,11/21/2012,November,2012,Wednesday,12/29/2012,38,L,HRV,Croatia,Europe,Southern Europe,8681,Office Supplies,Offline,2908,$651.21,$524.96,"$1,893,718.68","$1,526,583.68","$367,135.00"
354931628,5/30/2010,May,2010,Sunday,6/8/2010,9,H,IRL,Ireland,Europe,Northern Europe,3127,Personal Care,Offline,1011,$81.73,$56.67,"$82,629.03","$57,293.37","$25,335.66"
355534589,1/31/2015,January,2015,Saturday,2/6/2015,6,H,GRC,Greece,Europe,Southern Europe,2455,Clothes,Online,9440,$109.28,$35.84,"$1,031,603.20","$338,329.60","$693,273.60"
356413495,1/12/2010,January,2010,Tuesday,1/18/2010,6,L,BIH,Bosnia and Herzegovina,Europe,Southern Europe,3127,Personal Care,Offline,9528,$81.73,$56.67,"$778,723.44","$539,951.76","$238,771.68"
357434880,5/22/2015,May,2015,Friday,6/29/2015,38,C,MNE,Montenegro,Europe,Southern Europe,8293,Cosmetics,Online,1779,$437.20,$263.33,"$777,778.80","$468,464.07","$309,314.73"
357482516,7/14/2014,July,2014,Monday,7/28/2014,14,C,IRL,Ireland,Europe,Northern Europe,1270,Beverages,Online,5875,$47.45,$31.79,"$278,768.75","$186,766.25","$92,002.50"
357930982,1/16/2016,January,2016,Saturday,3/5/2016,49,C,ALB,Albania,Europe,Southern Europe,2455,Clothes,Offline,8586,$109.28,$35.84,"$938,278.08","$307,722.24","$630,555.84"
357943856,2/24/2013,February,2013,Sunday,3/17/2013,21,L,NOR,Norway,Europe,Northern Europe,7331,Baby Food,Offline,2396,$255.28,$159.42,"$611,650.88","$381,970.32","$229,680.56"
358594453,12/20/2016,December,2016,Tuesday,2/2/2017,44,L,ISL,Iceland,Europe,Northern Europe,8969,Snacks,Offline,4922,$152.58,$97.44,"$750,998.76","$479,599.68","$271,399.08"
358624064,8/15/2015,August,2015,Saturday,10/3/2015,49,H,RUS,Russia,Europe,Eastern Europe,2455,Clothes,Offline,3685,$109.28,$35.84,"$402,696.80","$132,070.40","$270,626.40"
359197413,1/26/2014,January,2014,Sunday,3/8/2014,41,L,GEO,Georgia,Asia,Western Asia,7331,Baby Food,Online,3352,$255.28,$159.42,"$855,698.56","$534,375.84","$321,322.72"
359893071,7/22/2011,July,2011,Friday,8/6/2011,15,H,ITA,Italy,Europe,Southern Europe,5988,Vegetables,Online,9212,$154.06,$90.93,"$1,419,200.72","$837,647.16","$581,553.56"
361311852,1/6/2017,January,2017,Friday,2/15/2017,40,L,DEU,Germany,Europe,Western Europe,7331,Baby Food,Offline,9061,$255.28,$159.42,"$2,313,092.08","$1,444,504.62","$868,587.46"
361659038,6/30/2012,June,2012,Saturday,8/3/2012,34,L,LUX,Luxembourg,Europe,Western Europe,2103,Cereal,Online,1801,$205.70,$117.11,"$370,465.70","$210,915.11","$159,550.59"
361725556,6/27/2016,June,2016,Monday,7/18/2016,21,L,SMR,San Marino,Europe,Southern Europe,5988,Vegetables,Offline,1485,$154.06,$90.93,"$228,779.10","$135,031.05","$93,748.05"
362258565,11/29/2014,November,2014,Saturday,12/14/2014,15,C,ARM,Armenia,Asia,Western Asia,4594,Fruits,Offline,9214,$9.33,$6.92,"$85,966.62","$63,760.88","$22,205.74"
364715468,2/15/2012,February,2012,Wednesday,2/19/2012,4,M,HRV,Croatia,Europe,Southern Europe,8293,Cosmetics,Offline,6267,$437.20,$263.33,"$2,739,932.40","$1,650,289.11","$1,089,643.29"
364854514,9/13/2012,September,2012,Thursday,10/3/2012,20,M,Unknow,Unknow,Unknow,Unknow,7331,Baby Food,Offline,7413,$255.28,$159.42,"$1,892,390.64","$1,181,780.46","$710,610.18"
367328155,6/16/2011,June,2011,Thursday,7/30/2011,44,L,FRA,France,Europe,Western Europe,7940,Household,Online,9419,$668.27,$502.54,"$6,294,435.13","$4,733,424.26","$1,561,010.87"
368865811,9/11/2013,September,2013,Wednesday,10/16/2013,35,L,DEU,Germany,Europe,Western Europe,8681,Office Supplies,Online,4445,$651.21,$524.96,"$2,894,628.45","$2,333,447.20","$561,181.25"
369170081,3/29/2011,March,2011,Tuesday,4/3/2011,5,H,SWE,Sweden,Europe,Northern Europe,7331,Baby Food,Offline,4486,$255.28,$159.42,"$1,145,186.08","$715,158.12","$430,027.96"
370484149,12/27/2015,December,2015,Sunday,1/19/2016,23,C,Unknow,Unknow,Unknow,Unknow,1270,Beverages,Online,3348,$47.45,$31.79,"$158,862.60","$106,432.92","$52,429.68"
371814954,9/14/2014,September,2014,Sunday,10/8/2014,24,M,RUS,Russia,Europe,Eastern Europe,3127,Personal Care,Online,7162,$81.73,$56.67,"$585,350.26","$405,870.54","$179,479.72"
374663245,11/9/2011,November,2011,Wednesday,11/26/2011,17,C,Unknow,Unknow,Unknow,Unknow,8681,Office Supplies,Online,35,$651.21,$524.96,"$22,792.35","$18,373.60","$4,418.75"
374848639,8/16/2012,August,2012,Thursday,9/6/2012,21,H,ESP,Spain,Europe,Southern Europe,2455,Clothes,Online,4897,$109.28,$35.84,"$535,144.16","$175,508.48","$359,635.68"
378216636,6/28/2016,June,2016,Tuesday,8/8/2016,41,H,LTU,Lithuania,Europe,Northern Europe,2455,Clothes,Online,1562,$109.28,$35.84,"$170,695.36","$55,982.08","$114,713.28"
378714883,11/16/2012,November,2012,Friday,12/16/2012,30,M,MNE,Montenegro,Europe,Southern Europe,8293,Cosmetics,Offline,9005,$437.20,$263.33,"$3,936,986.00","$2,371,286.65","$1,565,699.35"
378873240,11/25/2012,November,2012,Sunday,11/28/2012,3,H,AND,Andorra,Europe,Southern Europe,1270,Beverages,Online,5866,$47.45,$31.79,"$278,341.70","$186,480.14","$91,861.56"
379900634,11/7/2010,November,2010,Sunday,12/2/2010,25,L,DEU,Germany,Europe,Western Europe,2455,Clothes,Offline,9895,$109.28,$35.84,"$1,081,325.60","$354,636.80","$726,688.80"
380379998,7/14/2017,July,2017,Friday,7/16/2017,2,C,ALB,Albania,Europe,Southern Europe,7940,Household,Online,1749,$668.27,$502.54,"$1,168,804.23","$878,942.46","$289,861.77"
380498874,4/24/2014,April,2014,Thursday,5/13/2014,19,H,BGR,Bulgaria,Europe,Eastern Europe,2455,Clothes,Online,6927,$109.28,$35.84,"$756,982.56","$248,263.68","$508,718.88"
380610454,12/21/2011,December,2011,Wednesday,12/29/2011,8,C,SRB,Serbia,Europe,Southern Europe,8875,Meat,Offline,9946,$421.89,$364.69,"$4,196,117.94","$3,627,206.74","$568,911.20"
380684268,1/30/2015,January,2015,Friday,2/23/2015,24,M,LUX,Luxembourg,Europe,Western Europe,8293,Cosmetics,Offline,1789,$437.20,$263.33,"$782,150.80","$471,097.37","$311,053.43"
380733191,3/7/2013,March,2013,Thursday,4/13/2013,37,C,AND,Andorra,Europe,Southern Europe,7331,Baby Food,Offline,6267,$255.28,$159.42,"$1,599,839.76","$999,085.14","$600,754.62"
381759297,3/4/2012,March,2012,Sunday,3/25/2012,21,C,MNE,Montenegro,Europe,Southern Europe,2455,Clothes,Online,9914,$109.28,$35.84,"$1,083,401.92","$355,317.76","$728,084.16"
381774747,10/6/2014,October,2014,Monday,10/23/2014,17,C,NOR,Norway,Europe,Northern Europe,4594,Fruits,Offline,4486,$9.33,$6.92,"$41,854.38","$31,043.12","$10,811.26"
382581126,2/16/2013,February,2013,Saturday,3/27/2013,39,M,IRL,Ireland,Europe,Northern Europe,3127,Personal Care,Offline,3112,$81.73,$56.67,"$254,343.76","$176,357.04","$77,986.72"
383611094,7/22/2016,July,2016,Friday,8/26/2016,35,H,BLR,Belarus,Europe,Eastern Europe,2455,Clothes,Online,7902,$109.28,$35.84,"$863,530.56","$283,207.68","$580,322.88"
384128224,3/20/2010,March,2010,Saturday,4/26/2010,37,M,NOR,Norway,Europe,Northern Europe,7940,Household,Offline,933,$668.27,$502.54,"$623,495.91","$468,869.82","$154,626.09"
384483993,5/5/2011,May,2011,Thursday,6/19/2011,45,L,AUT,Austria,Europe,Western Europe,5988,Vegetables,Offline,6212,$154.06,$90.93,"$957,020.72","$564,857.16","$392,163.56"
384601581,9/25/2016,September,2016,Sunday,10/19/2016,24,M,LUX,Luxembourg,Europe,Western Europe,4594,Fruits,Online,1009,$9.33,$6.92,"$9,413.97","$6,982.28","$2,431.69"
384976232,2/18/2015,February,2015,Wednesday,4/3/2015,44,L,ISL,Iceland,Europe,Northern Europe,8681,Office Supplies,Online,1877,$651.21,$524.96,"$1,222,321.17","$985,349.92","$236,971.25"
385080945,11/6/2015,November,2015,Friday,11/7/2015,1,M,CYP,Cyprus,Asia,Western Asia,8293,Cosmetics,Offline,2864,$437.20,$263.33,"$1,252,140.80","$754,177.12","$497,963.68"
385340154,2/26/2012,February,2012,Sunday,3/18/2012,21,M,DEU,Germany,Europe,Western Europe,8293,Cosmetics,Offline,9569,$437.20,$263.33,"$4,183,566.80","$2,519,804.77","$1,663,762.03"
386009633,3/31/2013,March,2013,Sunday,4/5/2013,5,M,LTU,Lithuania,Europe,Northern Europe,3127,Personal Care,Offline,7683,$81.73,$56.67,"$627,931.59","$435,395.61","$192,535.98"
386319911,12/16/2010,December,2010,Thursday,1/2/2011,17,C,ESP,Spain,Europe,Southern Europe,5988,Vegetables,Online,9501,$154.06,$90.93,"$1,463,724.06","$863,925.93","$599,798.13"
386440074,4/5/2014,April,2014,Saturday,4/25/2014,20,C,POL,Poland,Europe,Eastern Europe,3127,Personal Care,Offline,5060,$81.73,$56.67,"$413,553.80","$286,750.20","$126,803.60"
386601865,7/17/2016,July,2016,Sunday,7/26/2016,9,L,LTU,Lithuania,Europe,Northern Europe,5988,Vegetables,Online,2938,$154.06,$90.93,"$452,628.28","$267,152.34","$185,475.94"
387098824,12/23/2013,December,2013,Monday,1/4/2014,12,H,GBR,United Kingdom,Europe,Northern Europe,3127,Personal Care,Offline,9999,$81.73,$56.67,"$817,218.27","$566,643.33","$250,574.94"
388728320,3/31/2012,March,2012,Saturday,5/10/2012,40,C,BIH,Bosnia and Herzegovina,Europe,Southern Europe,8969,Snacks,Offline,2203,$152.58,$97.44,"$336,133.74","$214,660.32","$121,473.42"
391026866,1/3/2017,January,2017,Tuesday,1/8/2017,5,C,ESP,Spain,Europe,Southern Europe,8293,Cosmetics,Offline,2394,$437.20,$263.33,"$1,046,656.80","$630,412.02","$416,244.78"
391200673,1/19/2012,January,2012,Thursday,2/13/2012,25,L,FRA,France,Europe,Western Europe,8681,Office Supplies,Online,3827,$651.21,$524.96,"$2,492,180.67","$2,009,021.92","$483,158.75"
391849982,11/30/2016,November,2016,Wednesday,12/11/2016,11,H,GEO,Georgia,Asia,Western Asia,2103,Cereal,Offline,5972,$205.70,$117.11,"$1,228,440.40","$699,380.92","$529,059.48"
392217338,3/12/2016,March,2016,Saturday,3/15/2016,3,L,NOR,Norway,Europe,Northern Europe,8969,Snacks,Offline,4681,$152.58,$97.44,"$714,226.98","$456,116.64","$258,110.34"
392252957,1/4/2015,January,2015,Sunday,2/22/2015,49,M,ESP,Spain,Europe,Southern Europe,2103,Cereal,Offline,5222,$205.70,$117.11,"$1,074,165.40","$611,548.42","$462,616.98"
392518174,6/25/2011,June,2011,Saturday,7/3/2011,8,M,SRB,Serbia,Europe,Southern Europe,5988,Vegetables,Offline,3705,$154.06,$90.93,"$570,792.30","$336,895.65","$233,896.65"
392676532,7/5/2011,July,2011,Tuesday,8/6/2011,32,H,CYP,Cyprus,Asia,Western Asia,2103,Cereal,Offline,567,$205.70,$117.11,"$116,631.90","$66,401.37","$50,230.53"
392752492,5/8/2010,May,2010,Saturday,6/3/2010,26,H,NLD,Netherlands,Europe,Western Europe,3127,Personal Care,Offline,3045,$81.73,$56.67,"$248,867.85","$172,560.15","$76,307.70"
393709933,3/12/2017,March,2017,Sunday,4/25/2017,44,C,FRA,France,Europe,Western Europe,4594,Fruits,Offline,6373,$9.33,$6.92,"$59,460.09","$44,101.16","$15,358.93"
393842971,1/12/2010,January,2010,Tuesday,1/31/2010,19,L,SRB,Serbia,Europe,Southern Europe,2455,Clothes,Offline,5742,$109.28,$35.84,"$627,485.76","$205,793.28","$421,692.48"
393858420,8/14/2012,August,2012,Tuesday,8/29/2012,15,L,SVK,Slovakia,Europe,Eastern Europe,4594,Fruits,Offline,314,$9.33,$6.92,"$2,929.62","$2,172.88",$756.74
394110763,12/26/2011,December,2011,Monday,12/29/2011,3,C,BEL,Belgium,Europe,Western Europe,5988,Vegetables,Offline,4988,$154.06,$90.93,"$768,451.28","$453,558.84","$314,892.44"
394356667,7/30/2016,July,2016,Saturday,8/4/2016,5,C,GBR,United Kingdom,Europe,Northern Europe,7940,Household,Online,7756,$668.27,$502.54,"$5,183,102.12","$3,897,700.24","$1,285,401.88"
394456660,1/31/2016,January,2016,Sunday,2/9/2016,9,H,MNE,Montenegro,Europe,Southern Europe,4594,Fruits,Online,7346,$9.33,$6.92,"$68,538.18","$50,834.32","$17,703.86"
395562589,10/12/2010,October,2010,Tuesday,12/1/2010,50,C,SRB,Serbia,Europe,Southern Europe,1270,Beverages,Online,4615,$47.45,$31.79,"$218,981.75","$146,710.85","$72,270.90"
396462953,1/21/2016,January,2016,Thursday,2/26/2016,36,L,IRL,Ireland,Europe,Northern Europe,3127,Personal Care,Offline,1053,$81.73,$56.67,"$86,061.69","$59,673.51","$26,388.18"
396552217,3/8/2014,March,2014,Saturday,4/24/2014,47,M,CYP,Cyprus,Asia,Western Asia,2455,Clothes,Offline,7468,$109.28,$35.84,"$816,103.04","$267,653.12","$548,449.92"
396718728,2/7/2010,February,2010,Sunday,3/18/2010,39,L,BIH,Bosnia and Herzegovina,Europe,Southern Europe,3127,Personal Care,Offline,6742,$81.73,$56.67,"$551,023.66","$382,069.14","$168,954.52"
396832883,3/29/2013,March,2013,Friday,3/31/2013,2,M,HRV,Croatia,Europe,Southern Europe,3127,Personal Care,Offline,523,$81.73,$56.67,"$42,744.79","$29,638.41","$13,106.38"
397874438,10/29/2014,October,2014,Wednesday,12/1/2014,33,M,SVK,Slovakia,Europe,Eastern Europe,1270,Beverages,Online,8743,$47.45,$31.79,"$414,855.35","$277,939.97","$136,915.38"
398104035,6/25/2012,June,2012,Monday,8/12/2012,48,L,MLT,Malta,Europe,Southern Europe,7331,Baby Food,Offline,6686,$255.28,$159.42,"$1,706,802.08","$1,065,882.12","$640,919.96"
398333632,2/19/2010,February,2010,Friday,3/2/2010,11,C,DEU,Germany,Europe,Western Europe,2103,Cereal,Offline,4629,$205.70,$117.11,"$952,185.30","$542,102.19","$410,083.11"
398645198,5/17/2014,May,2014,Saturday,5/26/2014,9,H,HUN,Hungary,Europe,Eastern Europe,7331,Baby Food,Offline,6828,$255.28,$159.42,"$1,743,051.84","$1,088,519.76","$654,532.08"
399115979,6/1/2015,June,2015,Monday,6/24/2015,23,H,ESP,Spain,Europe,Southern Europe,5988,Vegetables,Online,6142,$154.06,$90.93,"$946,236.52","$558,492.06","$387,744.46"
399256312,12/11/2014,December,2014,Thursday,1/5/2015,25,L,SVN,Slovenia,Europe,Southern Europe,4594,Fruits,Online,7670,$9.33,$6.92,"$71,561.10","$53,076.40","$18,484.70"
400267398,7/11/2013,July,2013,Thursday,7/20/2013,9,M,AUT,Austria,Europe,Western Europe,8969,Snacks,Offline,6873,$152.58,$97.44,"$1,048,682.34","$669,705.12","$378,977.22"
400904691,6/28/2010,June,2010,Monday,7/12/2010,14,M,LVA,Latvia,Europe,Northern Europe,2103,Cereal,Offline,5462,$205.70,$117.11,"$1,123,533.40","$639,654.82","$483,878.58"
401993882,3/21/2011,March,2011,Monday,4/11/2011,21,M,UKR,Ukraine,Europe,Eastern Europe,2103,Cereal,Offline,7778,$205.70,$117.11,"$1,599,934.60","$910,881.58","$689,053.02"
403337991,10/15/2016,October,2016,Saturday,11/24/2016,40,L,AND,Andorra,Europe,Southern Europe,5988,Vegetables,Offline,5529,$154.06,$90.93,"$851,797.74","$502,751.97","$349,045.77"
403665006,1/16/2016,January,2016,Saturday,2/19/2016,34,C,BLR,Belarus,Europe,Eastern Europe,8969,Snacks,Offline,2300,$152.58,$97.44,"$350,934.00","$224,112.00","$126,822.00"
404789817,8/3/2015,August,2015,Monday,9/8/2015,36,L,PRT,Portugal,Europe,Southern Europe,7331,Baby Food,Online,5157,$255.28,$159.42,"$1,316,478.96","$822,128.94","$494,350.02"
405986297,12/9/2014,December,2014,Tuesday,1/2/2015,24,L,DEU,Germany,Europe,Western Europe,7331,Baby Food,Online,9222,$255.28,$159.42,"$2,354,192.16","$1,470,171.24","$884,020.92"
406270396,4/3/2016,April,2016,Sunday,5/19/2016,46,L,ROU,Romania,Europe,Eastern Europe,8969,Snacks,Online,3293,$152.58,$97.44,"$502,445.94","$320,869.92","$181,576.02"
406564366,8/7/2014,August,2014,Thursday,8/25/2014,18,M,ALB,Albania,Europe,Southern Europe,5988,Vegetables,Online,286,$154.06,$90.93,"$44,061.16","$26,005.98","$18,055.18"
407220542,5/29/2016,May,2016,Sunday,7/4/2016,36,L,SWE,Sweden,Europe,Northern Europe,2103,Cereal,Online,4463,$205.70,$117.11,"$918,039.10","$522,661.93","$395,377.17"
408540618,9/30/2013,September,2013,Monday,11/13/2013,44,M,SMR,San Marino,Europe,Southern Europe,5988,Vegetables,Offline,5102,$154.06,$90.93,"$786,014.12","$463,924.86","$322,089.26"
409112679,3/30/2013,March,2013,Saturday,5/18/2013,49,H,MNE,Montenegro,Europe,Southern Europe,5988,Vegetables,Online,4388,$154.06,$90.93,"$676,015.28","$399,000.84","$277,014.44"
409514796,7/24/2014,July,2014,Thursday,9/7/2014,45,L,BIH,Bosnia and Herzegovina,Europe,Southern Europe,3127,Personal Care,Online,3383,$81.73,$56.67,"$276,492.59","$191,714.61","$84,777.98"
410229337,11/21/2016,November,2016,Monday,12/22/2016,31,M,PRT,Portugal,Europe,Southern Europe,8681,Office Supplies,Online,4832,$651.21,$524.96,"$3,146,646.72","$2,536,606.72","$610,040.00"
410291135,2/6/2012,February,2012,Monday,2/22/2012,16,L,SVN,Slovenia,Europe,Southern Europe,3127,Personal Care,Offline,3119,$81.73,$56.67,"$254,915.87","$176,753.73","$78,162.14"
410514724,3/1/2017,March,2017,Wednesday,4/10/2017,40,C,SRB,Serbia,Europe,Southern Europe,8681,Office Supplies,Offline,9284,$651.21,$524.96,"$6,045,833.64","$4,873,728.64","$1,172,105.00"
410740888,7/24/2012,July,2012,Tuesday,9/1/2012,39,H,BIH,Bosnia and Herzegovina,Europe,Southern Europe,8875,Meat,Online,6211,$421.89,$364.69,"$2,620,358.79","$2,265,089.59","$355,269.20"
412215459,1/24/2013,January,2013,Thursday,1/31/2013,7,H,GRC,Greece,Europe,Southern Europe,2103,Cereal,Online,2569,$205.70,$117.11,"$528,443.30","$300,855.59","$227,587.71"
412416303,6/3/2016,June,2016,Friday,6/11/2016,8,M,SMR,San Marino,Europe,Southern Europe,7331,Baby Food,Offline,2004,$255.28,$159.42,"$511,581.12","$319,477.68","$192,103.44"
413078916,12/31/2012,December,2012,Monday,1/11/2013,11,L,BLR,Belarus,Europe,Eastern Europe,5988,Vegetables,Online,8086,$154.06,$90.93,"$1,245,729.16","$735,259.98","$510,469.18"
413245427,6/29/2016,June,2016,Wednesday,7/2/2016,3,C,AND,Andorra,Europe,Southern Europe,4594,Fruits,Offline,7360,$9.33,$6.92,"$68,668.80","$50,931.20","$17,737.60"
413951814,5/10/2015,May,2015,Sunday,5/31/2015,21,C,AUT,Austria,Europe,Western Europe,1270,Beverages,Offline,6395,$47.45,$31.79,"$303,442.75","$203,297.05","$100,145.70"
414359509,8/30/2014,August,2014,Saturday,9/11/2014,12,C,ROU,Romania,Europe,Eastern Europe,7331,Baby Food,Offline,7042,$255.28,$159.42,"$1,797,681.76","$1,122,635.64","$675,046.12"
414579665,6/20/2017,June,2017,Tuesday,7/10/2017,20,H,FIN,Finland,Europe,Northern Europe,8969,Snacks,Online,2191,$152.58,$97.44,"$334,302.78","$213,491.04","$120,811.74"
415837943,1/10/2012,January,2012,Tuesday,2/23/2012,44,M,AND,Andorra,Europe,Southern Europe,7331,Baby Food,Offline,4543,$255.28,$159.42,"$1,159,737.04","$724,245.06","$435,491.98"
416682088,7/5/2012,July,2012,Thursday,8/14/2012,40,H,NOR,Norway,Europe,Northern Europe,5988,Vegetables,Offline,4344,$154.06,$90.93,"$669,236.64","$394,999.92","$274,236.72"
416953313,9/20/2016,September,2016,Tuesday,10/29/2016,39,H,IRL,Ireland,Europe,Northern Europe,1270,Beverages,Offline,4606,$47.45,$31.79,"$218,554.70","$146,424.74","$72,129.96"
418404281,3/2/2011,March,2011,Wednesday,4/15/2011,44,M,ARM,Armenia,Asia,Western Asia,8969,Snacks,Offline,3979,$152.58,$97.44,"$607,115.82","$387,713.76","$219,402.06"
420875346,1/6/2012,January,2012,Friday,2/18/2012,43,L,LTU,Lithuania,Europe,Northern Europe,8293,Cosmetics,Offline,5223,$437.20,$263.33,"$2,283,495.60","$1,375,372.59","$908,123.01"
421456849,12/7/2013,December,2013,Saturday,12/10/2013,3,M,Unknow,Unknow,Unknow,Unknow,8875,Meat,Online,7302,$421.89,$364.69,"$3,080,640.78","$2,662,966.38","$417,674.40"
421660268,3/14/2015,March,2015,Saturday,4/11/2015,28,C,IRL,Ireland,Europe,Northern Europe,7940,Household,Offline,7498,$668.27,$502.54,"$5,010,688.46","$3,768,044.92","$1,242,643.54"
422568786,5/15/2016,May,2016,Sunday,6/17/2016,33,H,MLT,Malta,Europe,Southern Europe,8875,Meat,Online,6349,$421.89,$364.69,"$2,678,579.61","$2,315,416.81","$363,162.80"
424181544,2/5/2013,February,2013,Tuesday,3/4/2013,27,H,ARM,Armenia,Asia,Western Asia,2103,Cereal,Online,3600,$205.70,$117.11,"$740,520.00","$421,596.00","$318,924.00"
424297845,12/20/2011,December,2011,Tuesday,1/8/2012,19,M,SRB,Serbia,Europe,Southern Europe,1270,Beverages,Online,8016,$47.45,$31.79,"$380,359.20","$254,828.64","$125,530.56"
424541604,4/5/2013,April,2013,Friday,5/17/2013,42,H,CHE,Switzerland,Europe,Western Europe,8681,Office Supplies,Offline,150,$651.21,$524.96,"$97,681.50","$78,744.00","$18,937.50"
425547969,8/19/2010,August,2010,Thursday,9/11/2010,23,H,AND,Andorra,Europe,Southern Europe,1270,Beverages,Online,7955,$47.45,$31.79,"$377,464.75","$252,889.45","$124,575.30"
427432811,12/3/2015,December,2015,Thursday,12/11/2015,8,H,FIN,Finland,Europe,Northern Europe,8969,Snacks,Online,5722,$152.58,$97.44,"$873,062.76","$557,551.68","$315,511.08"
428419864,11/4/2013,November,2013,Monday,12/5/2013,31,M,FRA,France,Europe,Western Europe,8681,Office Supplies,Offline,7813,$651.21,$524.96,"$5,087,903.73","$4,101,512.48","$986,391.25"
429123675,10/18/2014,October,2014,Saturday,11/11/2014,24,M,Unknow,Unknow,Unknow,Unknow,8969,Snacks,Offline,6086,$152.58,$97.44,"$928,601.88","$593,019.84","$335,582.04"
430687510,6/5/2013,June,2013,Wednesday,6/10/2013,5,C,GBR,United Kingdom,Europe,Northern Europe,3127,Personal Care,Online,8860,$81.73,$56.67,"$724,127.80","$502,096.20","$222,031.60"
431240689,8/26/2015,August,2015,Wednesday,10/13/2015,48,L,GRC,Greece,Europe,Southern Europe,2103,Cereal,Online,2558,$205.70,$117.11,"$526,180.60","$299,567.38","$226,613.22"
431432092,8/1/2016,August,2016,Monday,9/13/2016,43,H,MKD,Macedonia,Europe,Southern Europe,2455,Clothes,Offline,9198,$109.28,$35.84,"$1,005,157.44","$329,656.32","$675,501.12"
431753098,9/2/2015,September,2015,Wednesday,10/19/2015,47,M,SVK,Slovakia,Europe,Eastern Europe,1270,Beverages,Online,4191,$47.45,$31.79,"$198,862.95","$133,231.89","$65,631.06"
432031619,6/5/2011,June,2011,Sunday,6/29/2011,24,H,ARM,Armenia,Asia,Western Asia,1270,Beverages,Online,6612,$47.45,$31.79,"$313,739.40","$210,195.48","$103,543.92"
433079183,3/5/2013,March,2013,Tuesday,4/19/2013,45,M,LTU,Lithuania,Europe,Northern Europe,8681,Office Supplies,Offline,6609,$651.21,$524.96,"$4,303,846.89","$3,469,460.64","$834,386.25"
433734500,8/19/2010,August,2010,Thursday,9/8/2010,20,L,DEU,Germany,Europe,Western Europe,8681,Office Supplies,Offline,532,$651.21,$524.96,"$346,443.72","$279,278.72","$67,165.00"
434013879,9/27/2010,September,2010,Monday,11/5/2010,39,H,MCO,Monaco,Europe,Western Europe,8293,Cosmetics,Offline,3206,$437.20,$263.33,"$1,401,663.20","$844,235.98","$557,427.22"
434275662,7/11/2012,July,2012,Wednesday,8/13/2012,33,H,BIH,Bosnia and Herzegovina,Europe,Southern Europe,8681,Office Supplies,Offline,674,$651.21,$524.96,"$438,915.54","$353,823.04","$85,092.50"
434485948,9/25/2010,September,2010,Saturday,11/3/2010,39,L,SMR,San Marino,Europe,Southern Europe,3127,Personal Care,Online,2902,$81.73,$56.67,"$237,180.46","$164,456.34","$72,724.12"
435463559,10/21/2013,October,2013,Monday,10/27/2013,6,C,MLT,Malta,Europe,Southern Europe,1270,Beverages,Online,2199,$47.45,$31.79,"$104,342.55","$69,906.21","$34,436.34"
436606395,11/4/2013,November,2013,Monday,12/3/2013,29,C,Unknow,Unknow,Unknow,Unknow,1270,Beverages,Offline,389,$47.45,$31.79,"$18,458.05","$12,366.31","$6,091.74"
436969029,11/29/2011,November,2011,Tuesday,12/17/2011,18,C,ESP,Spain,Europe,Southern Europe,8875,Meat,Offline,7701,$421.89,$364.69,"$3,248,974.89","$2,808,477.69","$440,497.20"
437083184,1/18/2015,January,2015,Sunday,2/19/2015,32,C,SWE,Sweden,Europe,Northern Europe,8875,Meat,Online,1482,$421.89,$364.69,"$625,240.98","$540,470.58","$84,770.40"
437604176,2/21/2013,February,2013,Thursday,4/7/2013,45,L,LUX,Luxembourg,Europe,Western Europe,8969,Snacks,Online,5655,$152.58,$97.44,"$862,839.90","$551,023.20","$311,816.70"
438683927,6/13/2011,June,2011,Monday,7/29/2011,46,L,ROU,Romania,Europe,Eastern Europe,3127,Personal Care,Online,5177,$81.73,$56.67,"$423,116.21","$293,380.59","$129,735.62"
439114367,6/17/2012,June,2012,Sunday,6/26/2012,9,M,GBR,United Kingdom,Europe,Northern Europe,3127,Personal Care,Online,2554,$81.73,$56.67,"$208,738.42","$144,735.18","$64,003.24"
439204919,2/11/2017,February,2017,Saturday,2/19/2017,8,L,ISL,Iceland,Europe,Northern Europe,1270,Beverages,Online,9350,$47.45,$31.79,"$443,657.50","$297,236.50","$146,421.00"
439640080,10/7/2011,October,2011,Friday,11/2/2011,26,L,POL,Poland,Europe,Eastern Europe,2103,Cereal,Online,8124,$205.70,$117.11,"$1,671,106.80","$951,401.64","$719,705.16"
439725911,3/17/2015,March,2015,Tuesday,4/7/2015,21,L,ARM,Armenia,Asia,Western Asia,4594,Fruits,Offline,3524,$9.33,$6.92,"$32,878.92","$24,386.08","$8,492.84"
442318427,9/27/2010,September,2010,Monday,10/8/2010,11,H,AND,Andorra,Europe,Southern Europe,7331,Baby Food,Online,707,$255.28,$159.42,"$180,482.96","$112,709.94","$67,773.02"
443125665,6/15/2013,June,2013,Saturday,7/9/2013,24,M,SRB,Serbia,Europe,Southern Europe,2103,Cereal,Offline,9586,$205.70,$117.11,"$1,971,840.20","$1,122,616.46","$849,223.74"
443347108,3/20/2015,March,2015,Friday,4/9/2015,20,M,AND,Andorra,Europe,Southern Europe,2103,Cereal,Offline,5116,$205.70,$117.11,"$1,052,361.20","$599,134.76","$453,226.44"
443544518,4/24/2016,April,2016,Sunday,4/28/2016,4,C,AND,Andorra,Europe,Southern Europe,1270,Beverages,Online,3534,$47.45,$31.79,"$167,688.30","$112,345.86","$55,342.44"
443551385,4/3/2013,April,2013,Wednesday,5/9/2013,36,L,SWE,Sweden,Europe,Northern Europe,7331,Baby Food,Online,5566,$255.28,$159.42,"$1,420,888.48","$887,331.72","$533,556.76"
444234168,8/19/2013,August,2013,Monday,9/27/2013,39,M,GRC,Greece,Europe,Southern Europe,7331,Baby Food,Online,7617,$255.28,$159.42,"$1,944,467.76","$1,214,302.14","$730,165.62"
444798934,1/4/2014,January,2014,Saturday,1/20/2014,16,M,PRT,Portugal,Europe,Southern Europe,7940,Household,Online,4744,$668.27,$502.54,"$3,170,272.88","$2,384,049.76","$786,223.12"
444806230,2/16/2013,February,2013,Saturday,4/1/2013,44,H,CZE,Czech Republic,Europe,Eastern Europe,2103,Cereal,Online,6903,$205.70,$117.11,"$1,419,947.10","$808,410.33","$611,536.77"
445273578,11/29/2011,November,2011,Tuesday,1/9/2012,41,H,FIN,Finland,Europe,Northern Europe,8681,Office Supplies,Offline,5201,$651.21,$524.96,"$3,386,943.21","$2,730,316.96","$656,626.25"
445708739,2/19/2014,February,2014,Wednesday,2/27/2014,8,H,MLT,Malta,Europe,Southern Europe,3127,Personal Care,Online,3975,$81.73,$56.67,"$324,876.75","$225,263.25","$99,613.50"
445952498,6/6/2015,June,2015,Saturday,7/7/2015,31,C,NOR,Norway,Europe,Northern Europe,2103,Cereal,Offline,6109,$205.70,$117.11,"$1,256,621.30","$715,424.99","$541,196.31"
446019017,11/6/2011,November,2011,Sunday,11/25/2011,19,C,UKR,Ukraine,Europe,Eastern Europe,5988,Vegetables,Online,5794,$154.06,$90.93,"$892,623.64","$526,848.42","$365,775.22"
446045196,10/24/2015,October,2015,Saturday,11/1/2015,8,L,ESP,Spain,Europe,Southern Europe,4594,Fruits,Offline,3540,$9.33,$6.92,"$33,028.20","$24,496.80","$8,531.40"
447183310,8/22/2014,August,2014,Friday,9/19/2014,28,C,SMR,San Marino,Europe,Southern Europe,8293,Cosmetics,Offline,334,$437.20,$263.33,"$146,024.80","$87,952.22","$58,072.58"
447536504,4/14/2010,April,2010,Wednesday,4/25/2010,11,H,SRB,Serbia,Europe,Southern Europe,8875,Meat,Offline,4852,$421.89,$364.69,"$2,047,010.28","$1,769,475.88","$277,534.40"
447684133,7/3/2016,July,2016,Sunday,8/14/2016,42,M,FRA,France,Europe,Western Europe,8969,Snacks,Offline,8538,$152.58,$97.44,"$1,302,728.04","$831,942.72","$470,785.32"
449206340,2/26/2016,February,2016,Friday,4/3/2016,37,H,FRA,France,Europe,Western Europe,2103,Cereal,Offline,8993,$205.70,$117.11,"$1,849,860.10","$1,053,170.23","$796,689.87"
450041043,3/20/2014,March,2014,Thursday,4/16/2014,27,L,PRT,Portugal,Europe,Southern Europe,8293,Cosmetics,Offline,6000,$437.20,$263.33,"$2,623,200.00","$1,579,980.00","$1,043,220.00"
450550019,12/24/2011,December,2011,Saturday,1/2/2012,9,M,RUS,Russia,Europe,Eastern Europe,7331,Baby Food,Offline,6618,$255.28,$159.42,"$1,689,443.04","$1,055,041.56","$634,401.48"
452471768,1/14/2015,January,2015,Wednesday,2/10/2015,27,L,SWE,Sweden,Europe,Northern Europe,4594,Fruits,Offline,5306,$9.33,$6.92,"$49,504.98","$36,717.52","$12,787.46"
452559745,3/18/2014,March,2014,Tuesday,3/19/2014,1,L,Unknow,Unknow,Unknow,Unknow,5988,Vegetables,Offline,1340,$154.06,$90.93,"$206,440.40","$121,846.20","$84,594.20"
454550588,8/6/2011,August,2011,Saturday,9/6/2011,31,C,POL,Poland,Europe,Eastern Europe,2103,Cereal,Online,475,$205.70,$117.11,"$97,707.50","$55,627.25","$42,080.25"
455040681,2/1/2012,February,2012,Wednesday,2/2/2012,1,L,FRA,France,Europe,Western Europe,5988,Vegetables,Offline,5504,$154.06,$90.93,"$847,946.24","$500,478.72","$347,467.52"
456192958,7/19/2014,July,2014,Saturday,8/18/2014,30,L,MKD,Macedonia,Europe,Southern Europe,3127,Personal Care,Online,6489,$81.73,$56.67,"$530,345.97","$367,731.63","$162,614.34"
456527268,12/1/2012,December,2012,Saturday,12/2/2012,1,L,BEL,Belgium,Europe,Western Europe,8681,Office Supplies,Offline,5419,$651.21,$524.96,"$3,528,906.99","$2,844,758.24","$684,148.75"
456934964,3/23/2012,March,2012,Friday,5/5/2012,43,L,SMR,San Marino,Europe,Southern Europe,8875,Meat,Offline,6065,$421.89,$364.69,"$2,558,762.85","$2,211,844.85","$346,918.00"
458816373,4/4/2015,April,2015,Saturday,4/16/2015,12,L,Unknow,Unknow,Unknow,Unknow,8681,Office Supplies,Offline,2815,$651.21,$524.96,"$1,833,156.15","$1,477,762.40","$355,393.75"
459277713,11/15/2013,November,2013,Friday,12/4/2013,19,M,ESP,Spain,Europe,Southern Europe,8875,Meat,Online,9336,$421.89,$364.69,"$3,938,765.04","$3,404,745.84","$534,019.20"
459372985,3/1/2012,March,2012,Thursday,3/22/2012,21,H,ITA,Italy,Europe,Southern Europe,7331,Baby Food,Offline,7529,$255.28,$159.42,"$1,922,003.12","$1,200,273.18","$721,729.94"
460693061,1/28/2017,January,2017,Saturday,2/25/2017,28,C,GEO,Georgia,Asia,Western Asia,4594,Fruits,Offline,8169,$9.33,$6.92,"$76,216.77","$56,529.48","$19,687.29"
461445796,2/17/2016,February,2016,Wednesday,3/22/2016,34,L,Unknow,Unknow,Unknow,Unknow,3127,Personal Care,Online,920,$81.73,$56.67,"$75,191.60","$52,136.40","$23,055.20"
461917865,2/15/2016,February,2016,Monday,3/21/2016,35,C,MNE,Montenegro,Europe,Southern Europe,7331,Baby Food,Offline,616,$255.28,$159.42,"$157,252.48","$98,202.72","$59,049.76"
462561166,4/2/2013,April,2013,Tuesday,5/2/2013,30,H,ESP,Spain,Europe,Southern Europe,8875,Meat,Online,983,$421.89,$364.69,"$414,717.87","$358,490.27","$56,227.60"
463591134,9/5/2016,September,2016,Monday,10/1/2016,26,C,LUX,Luxembourg,Europe,Western Europe,7940,Household,Offline,5773,$668.27,$502.54,"$3,857,922.71","$2,901,163.42","$956,759.29"
464911210,1/7/2014,January,2014,Tuesday,2/10/2014,34,L,ITA,Italy,Europe,Southern Europe,8969,Snacks,Offline,6413,$152.58,$97.44,"$978,495.54","$624,882.72","$353,612.82"
465753209,3/14/2011,March,2011,Monday,3/14/2011,0,C,DEU,Germany,Europe,Western Europe,5988,Vegetables,Offline,5579,$154.06,$90.93,"$859,500.74","$507,298.47","$352,202.27"
466517961,8/1/2010,August,2010,Sunday,9/7/2010,37,L,BLR,Belarus,Europe,Eastern Europe,4594,Fruits,Online,1886,$9.33,$6.92,"$17,596.38","$13,051.12","$4,545.26"
466988742,8/16/2011,August,2011,Tuesday,8/16/2011,0,M,MLT,Malta,Europe,Southern Europe,3127,Personal Care,Offline,1201,$81.73,$56.67,"$98,157.73","$68,060.67","$30,097.06"
467045819,3/11/2013,March,2013,Monday,4/12/2013,32,M,Unknow,Unknow,Unknow,Unknow,3127,Personal Care,Online,8092,$81.73,$56.67,"$661,359.16","$458,573.64","$202,785.52"
467138516,7/30/2013,July,2013,Tuesday,8/8/2013,9,H,SMR,San Marino,Europe,Southern Europe,2455,Clothes,Online,5523,$109.28,$35.84,"$603,553.44","$197,944.32","$405,609.12"
467312324,3/10/2016,March,2016,Thursday,4/8/2016,29,C,CZE,Czech Republic,Europe,Eastern Europe,7331,Baby Food,Online,6956,$255.28,$159.42,"$1,775,727.68","$1,108,925.52","$666,802.16"
467924726,9/18/2015,September,2015,Friday,10/20/2015,32,C,HUN,Hungary,Europe,Eastern Europe,8681,Office Supplies,Offline,8179,$651.21,$524.96,"$5,326,246.59","$4,293,647.84","$1,032,598.75"
468320834,11/12/2016,November,2016,Saturday,12/21/2016,39,M,AUT,Austria,Europe,Western Europe,5988,Vegetables,Offline,5397,$154.06,$90.93,"$831,461.82","$490,749.21","$340,712.61"
468803632,8/31/2010,August,2010,Tuesday,10/2/2010,32,L,BGR,Bulgaria,Europe,Eastern Europe,4594,Fruits,Online,8267,$9.33,$6.92,"$77,131.11","$57,207.64","$19,923.47"
469129359,12/18/2010,December,2010,Saturday,1/26/2011,39,M,LUX,Luxembourg,Europe,Western Europe,8875,Meat,Offline,4657,$421.89,$364.69,"$1,964,741.73","$1,698,361.33","$266,380.40"
469144809,7/20/2013,July,2013,Saturday,8/24/2013,35,M,MLT,Malta,Europe,Southern Europe,2103,Cereal,Offline,9229,$205.70,$117.11,"$1,898,405.30","$1,080,808.19","$817,597.11"
469197165,11/27/2013,November,2013,Wednesday,12/11/2013,14,C,LVA,Latvia,Europe,Northern Europe,1270,Beverages,Online,4723,$47.45,$31.79,"$224,106.35","$150,144.17","$73,962.18"
469840466,1/13/2011,January,2011,Thursday,1/22/2011,9,H,POL,Poland,Europe,Eastern Europe,5988,Vegetables,Offline,5090,$154.06,$90.93,"$784,165.40","$462,833.70","$321,331.70"
469974792,5/26/2010,May,2010,Wednesday,6/17/2010,22,M,SWE,Sweden,Europe,Northern Europe,7331,Baby Food,Offline,4840,$255.28,$159.42,"$1,235,555.20","$771,592.80","$463,962.40"
470503079,3/9/2015,March,2015,Monday,3/21/2015,12,H,ALB,Albania,Europe,Southern Europe,2455,Clothes,Offline,1172,$109.28,$35.84,"$128,076.16","$42,004.48","$86,071.68"
471348512,8/16/2014,August,2014,Saturday,10/1/2014,46,M,GRC,Greece,Europe,Southern Europe,4594,Fruits,Online,1354,$9.33,$6.92,"$12,632.82","$9,369.68","$3,263.14"
471484124,12/9/2012,December,2012,Sunday,1/24/2013,46,M,DNK,Denmark,Europe,Northern Europe,7331,Baby Food,Online,1485,$255.28,$159.42,"$379,090.80","$236,738.70","$142,352.10"
473845756,11/12/2011,November,2011,Saturday,12/16/2011,34,H,RUS,Russia,Europe,Eastern Europe,3127,Personal Care,Offline,344,$81.73,$56.67,"$28,115.12","$19,494.48","$8,620.64"
475176560,7/31/2010,July,2010,Saturday,9/4/2010,35,L,MLT,Malta,Europe,Southern Europe,4594,Fruits,Online,4159,$9.33,$6.92,"$38,803.47","$28,780.28","$10,023.19"
475992381,5/14/2011,May,2011,Saturday,5/26/2011,12,H,LUX,Luxembourg,Europe,Western Europe,2455,Clothes,Online,5578,$109.28,$35.84,"$609,563.84","$199,915.52","$409,648.32"
476453721,7/22/2017,July,2017,Saturday,8/10/2017,19,C,SMR,San Marino,Europe,Southern Europe,8969,Snacks,Offline,2099,$152.58,$97.44,"$320,265.42","$204,526.56","$115,738.86"
476633536,10/5/2012,October,2012,Friday,11/3/2012,29,C,ALB,Albania,Europe,Southern Europe,5988,Vegetables,Online,5310,$154.06,$90.93,"$818,058.60","$482,838.30","$335,220.30"
476794040,2/4/2016,February,2016,Thursday,3/7/2016,32,H,BGR,Bulgaria,Europe,Eastern Europe,1270,Beverages,Online,2807,$47.45,$31.79,"$133,192.15","$89,234.53","$43,957.62"
476991450,3/11/2017,March,2017,Saturday,3/27/2017,16,L,BGR,Bulgaria,Europe,Eastern Europe,8969,Snacks,Offline,1225,$152.58,$97.44,"$186,910.50","$119,364.00","$67,546.50"
477282845,1/20/2010,January,2010,Wednesday,2/4/2010,15,H,ARM,Armenia,Asia,Western Asia,2103,Cereal,Offline,7455,$205.70,$117.11,"$1,533,493.50","$873,055.05","$660,438.45"
477633464,5/14/2015,May,2015,Thursday,6/7/2015,24,H,NOR,Norway,Europe,Northern Europe,8293,Cosmetics,Online,1211,$437.20,$263.33,"$529,449.20","$318,892.63","$210,556.57"
478051030,9/12/2011,September,2011,Monday,9/29/2011,17,C,CZE,Czech Republic,Europe,Eastern Europe,1270,Beverages,Offline,4778,$47.45,$31.79,"$226,716.10","$151,892.62","$74,823.48"
478840672,2/4/2016,February,2016,Thursday,2/9/2016,5,L,DNK,Denmark,Europe,Northern Europe,3127,Personal Care,Online,8451,$81.73,$56.67,"$690,700.23","$478,918.17","$211,782.06"
479171121,1/11/2010,January,2010,Monday,1/27/2010,16,C,PRT,Portugal,Europe,Southern Europe,7331,Baby Food,Offline,6238,$255.28,$159.42,"$1,592,436.64","$994,461.96","$597,974.68"
479234206,10/7/2011,October,2011,Friday,11/14/2011,38,H,LUX,Luxembourg,Europe,Western Europe,4594,Fruits,Online,4906,$9.33,$6.92,"$45,772.98","$33,949.52","$11,823.46"
480652987,3/23/2017,March,2017,Thursday,4/5/2017,13,L,ITA,Italy,Europe,Southern Europe,7331,Baby Food,Offline,4755,$255.28,$159.42,"$1,213,856.40","$758,042.10","$455,814.30"
480904042,1/23/2010,January,2010,Saturday,2/5/2010,13,C,AND,Andorra,Europe,Southern Europe,8969,Snacks,Offline,9048,$152.58,$97.44,"$1,380,543.84","$881,637.12","$498,906.72"
481114327,11/4/2015,November,2015,Wednesday,11/24/2015,20,M,NOR,Norway,Europe,Northern Europe,2103,Cereal,Online,1276,$205.70,$117.11,"$262,473.20","$149,432.36","$113,040.84"
481308305,9/7/2014,September,2014,Sunday,10/16/2014,39,C,FIN,Finland,Europe,Northern Europe,7331,Baby Food,Offline,8678,$255.28,$159.42,"$2,215,319.84","$1,383,446.76","$831,873.08"
481976497,10/27/2016,October,2016,Thursday,12/3/2016,37,H,ROU,Romania,Europe,Eastern Europe,4594,Fruits,Online,6411,$9.33,$6.92,"$59,814.63","$44,364.12","$15,450.51"
483438193,8/23/2012,August,2012,Thursday,9/26/2012,34,H,GEO,Georgia,Asia,Western Asia,8875,Meat,Online,8959,$421.89,$364.69,"$3,779,712.51","$3,267,257.71","$512,454.80"
483655774,7/18/2017,July,2017,Tuesday,8/5/2017,18,H,Unknow,Unknow,Unknow,Unknow,2103,Cereal,Offline,3346,$205.70,$117.11,"$688,272.20","$391,850.06","$296,422.14"
483981502,4/9/2010,April,2010,Friday,5/4/2010,25,H,SVN,Slovenia,Europe,Southern Europe,8681,Office Supplies,Online,9736,$651.21,$524.96,"$6,340,180.56","$5,111,010.56","$1,229,170.00"
485165965,11/11/2016,November,2016,Friday,12/14/2016,33,C,ESP,Spain,Europe,Southern Europe,8969,Snacks,Online,245,$152.58,$97.44,"$37,382.10","$23,872.80","$13,509.30"
485929429,4/17/2017,April,2017,Monday,5/19/2017,32,C,UKR,Ukraine,Europe,Eastern Europe,3127,Personal Care,Offline,6171,$81.73,$56.67,"$504,355.83","$349,710.57","$154,645.26"
486345708,9/3/2014,September,2014,Wednesday,10/11/2014,38,H,RUS,Russia,Europe,Eastern Europe,8293,Cosmetics,Offline,9357,$437.20,$263.33,"$4,090,880.40","$2,463,978.81","$1,626,901.59"
486461150,10/5/2016,October,2016,Wednesday,11/13/2016,39,M,LVA,Latvia,Europe,Northern Europe,5988,Vegetables,Offline,3519,$154.06,$90.93,"$542,137.14","$319,982.67","$222,154.47"
488316380,10/31/2015,October,2015,Saturday,11/18/2015,18,L,GRC,Greece,Europe,Southern Europe,4594,Fruits,Online,2523,$9.33,$6.92,"$23,539.59","$17,459.16","$6,080.43"
488815915,3/3/2011,March,2011,Thursday,4/17/2011,45,M,HRV,Croatia,Europe,Southern Europe,8969,Snacks,Offline,347,$152.58,$97.44,"$52,945.26","$33,811.68","$19,133.58"
489600837,5/9/2014,May,2014,Friday,6/9/2014,31,C,AUT,Austria,Europe,Western Europe,5988,Vegetables,Offline,2622,$154.06,$90.93,"$403,945.32","$238,418.46","$165,526.86"
489848029,5/1/2010,May,2010,Saturday,5/20/2010,19,M,Unknow,Unknow,Unknow,Unknow,8969,Snacks,Offline,5772,$152.58,$97.44,"$880,691.76","$562,423.68","$318,268.08"
491547477,11/7/2014,November,2014,Friday,11/7/2014,0,H,Unknow,Unknow,Unknow,Unknow,5988,Vegetables,Online,8676,$154.06,$90.93,"$1,336,624.56","$788,908.68","$547,715.88"
492353856,3/20/2013,March,2013,Wednesday,4/11/2013,22,L,CYP,Cyprus,Asia,Western Asia,7940,Household,Online,7302,$668.27,$502.54,"$4,879,707.54","$3,669,547.08","$1,210,160.46"
495450627,11/14/2012,November,2012,Wednesday,12/26/2012,42,L,BEL,Belgium,Europe,Western Europe,2103,Cereal,Offline,3705,$205.70,$117.11,"$762,118.50","$433,892.55","$328,225.95"
495593106,9/15/2015,September,2015,Tuesday,10/8/2015,23,M,SVK,Slovakia,Europe,Eastern Europe,1270,Beverages,Offline,5868,$47.45,$31.79,"$278,436.60","$186,543.72","$91,892.88"
495631301,6/5/2012,June,2012,Tuesday,7/18/2012,43,M,HUN,Hungary,Europe,Eastern Europe,5988,Vegetables,Online,7171,$154.06,$90.93,"$1,104,764.26","$652,059.03","$452,705.23"
496826493,10/28/2012,October,2012,Sunday,12/11/2012,44,L,GEO,Georgia,Asia,Western Asia,4594,Fruits,Online,855,$9.33,$6.92,"$7,977.15","$5,916.60","$2,060.55"
497466361,4/8/2015,April,2015,Wednesday,5/1/2015,23,C,BEL,Belgium,Europe,Western Europe,7940,Household,Offline,206,$668.27,$502.54,"$137,663.62","$103,523.24","$34,140.38"
497506701,4/18/2015,April,2015,Saturday,5/10/2015,22,H,IRL,Ireland,Europe,Northern Europe,7331,Baby Food,Online,2144,$255.28,$159.42,"$547,320.32","$341,796.48","$205,523.84"
497554337,6/10/2014,June,2014,Tuesday,7/28/2014,48,H,CYP,Cyprus,Asia,Western Asia,2455,Clothes,Online,6240,$109.28,$35.84,"$681,907.20","$223,641.60","$458,265.60"
498089492,3/2/2016,March,2016,Wednesday,3/22/2016,20,L,CYP,Cyprus,Asia,Western Asia,8875,Meat,Online,4604,$421.89,$364.69,"$1,942,381.56","$1,679,032.76","$263,348.80"
498201072,10/29/2013,October,2013,Tuesday,11/7/2013,9,H,SVN,Slovenia,Europe,Southern Europe,8293,Cosmetics,Online,7623,$437.20,$263.33,"$3,332,775.60","$2,007,364.59","$1,325,411.01"
498946940,12/9/2015,December,2015,Wednesday,1/11/2016,33,C,BIH,Bosnia and Herzegovina,Europe,Southern Europe,8875,Meat,Offline,8342,$421.89,$364.69,"$3,519,406.38","$3,042,243.98","$477,162.40"
499101436,7/13/2011,July,2011,Wednesday,8/28/2011,46,C,Unknow,Unknow,Unknow,Unknow,8969,Snacks,Offline,4061,$152.58,$97.44,"$619,627.38","$395,703.84","$223,923.54"
504024684,12/14/2015,December,2015,Monday,1/14/2016,31,H,UKR,Ukraine,Europe,Eastern Europe,2103,Cereal,Online,959,$205.70,$117.11,"$197,266.30","$112,308.49","$84,957.81"
504973971,10/3/2011,October,2011,Monday,11/2/2011,30,M,AND,Andorra,Europe,Southern Europe,8875,Meat,Online,1875,$421.89,$364.69,"$791,043.75","$683,793.75","$107,250.00"
505867040,5/4/2010,May,2010,Tuesday,6/12/2010,39,L,BGR,Bulgaria,Europe,Eastern Europe,2455,Clothes,Offline,6153,$109.28,$35.84,"$672,399.84","$220,523.52","$451,876.32"
507040774,7/22/2015,July,2015,Wednesday,7/25/2015,3,L,EST,Estonia,Europe,Northern Europe,8969,Snacks,Online,3488,$152.58,$97.44,"$532,199.04","$339,870.72","$192,328.32"
507531726,10/27/2012,October,2012,Saturday,11/11/2012,15,H,SWE,Sweden,Europe,Northern Europe,8969,Snacks,Offline,8771,$152.58,$97.44,"$1,338,279.18","$854,646.24","$483,632.94"
508014523,3/11/2014,March,2014,Tuesday,3/20/2014,9,H,Unknow,Unknow,Unknow,Unknow,2455,Clothes,Offline,1642,$109.28,$35.84,"$179,437.76","$58,849.28","$120,588.48"
509356057,4/14/2014,April,2014,Monday,4/17/2014,3,H,NOR,Norway,Europe,Northern Europe,2455,Clothes,Online,8631,$109.28,$35.84,"$943,195.68","$309,335.04","$633,860.64"
509380948,9/22/2011,September,2011,Thursday,9/27/2011,5,M,GBR,United Kingdom,Europe,Northern Europe,3127,Personal Care,Offline,5997,$81.73,$56.67,"$490,134.81","$339,849.99","$150,284.82"
510762822,11/4/2011,November,2011,Friday,12/22/2011,48,L,Unknow,Unknow,Unknow,Unknow,1270,Beverages,Offline,4924,$47.45,$31.79,"$233,643.80","$156,533.96","$77,109.84"
510956799,9/7/2010,September,2010,Tuesday,9/23/2010,16,H,LUX,Luxembourg,Europe,Western Europe,8969,Snacks,Online,2326,$152.58,$97.44,"$354,901.08","$226,645.44","$128,255.64"
511155498,9/26/2010,September,2010,Sunday,11/4/2010,39,H,DNK,Denmark,Europe,Northern Europe,1270,Beverages,Offline,1126,$47.45,$31.79,"$53,428.70","$35,795.54","$17,633.16"
511712110,3/21/2015,March,2015,Saturday,5/7/2015,47,C,AUT,Austria,Europe,Western Europe,8681,Office Supplies,Offline,5839,$651.21,$524.96,"$3,802,415.19","$3,065,241.44","$737,173.75"
512662255,5/15/2015,May,2015,Friday,6/22/2015,38,L,CZE,Czech Republic,Europe,Eastern Europe,7940,Household,Offline,7009,$668.27,$502.54,"$4,683,904.43","$3,522,302.86","$1,161,601.57"
512714612,9/23/2015,September,2015,Wednesday,10/9/2015,16,H,BEL,Belgium,Europe,Western Europe,8875,Meat,Online,2502,$421.89,$364.69,"$1,055,568.78","$912,454.38","$143,114.40"
513026177,5/22/2012,May,2012,Tuesday,6/5/2012,14,M,BGR,Bulgaria,Europe,Eastern Europe,8681,Office Supplies,Online,4701,$651.21,$524.96,"$3,061,338.21","$2,467,836.96","$593,501.25"
513611114,7/26/2016,July,2016,Tuesday,9/5/2016,41,H,NLD,Netherlands,Europe,Western Europe,2455,Clothes,Offline,7797,$109.28,$35.84,"$852,056.16","$279,444.48","$572,611.68"
513802516,7/2/2017,July,2017,Sunday,8/7/2017,36,L,ESP,Spain,Europe,Southern Europe,8681,Office Supplies,Online,4437,$651.21,$524.96,"$2,889,418.77","$2,329,247.52","$560,171.25"
515771901,2/19/2012,February,2012,Sunday,3/19/2012,29,L,SMR,San Marino,Europe,Southern Europe,5988,Vegetables,Offline,7222,$154.06,$90.93,"$1,112,621.32","$656,696.46","$455,924.86"
515773189,2/1/2011,February,2011,Tuesday,2/17/2011,16,H,Unknow,Unknow,Unknow,Unknow,8875,Meat,Offline,7603,$421.89,$364.69,"$3,207,629.67","$2,772,738.07","$434,891.60"
516122949,1/18/2012,January,2012,Wednesday,2/21/2012,34,M,AUT,Austria,Europe,Western Europe,8969,Snacks,Online,1105,$152.58,$97.44,"$168,600.90","$107,671.20","$60,929.70"
516460692,9/3/2012,September,2012,Monday,9/24/2012,21,M,ARM,Armenia,Asia,Western Asia,7940,Household,Offline,1051,$668.27,$502.54,"$702,351.77","$528,169.54","$174,182.23"
516485583,2/11/2010,February,2010,Thursday,3/6/2010,23,M,GEO,Georgia,Asia,Western Asia,8875,Meat,Offline,8416,$421.89,$364.69,"$3,550,626.24","$3,069,231.04","$481,395.20"
516599738,4/2/2013,April,2013,Tuesday,5/9/2013,37,M,GRC,Greece,Europe,Southern Europe,8681,Office Supplies,Offline,2197,$651.21,$524.96,"$1,430,708.37","$1,153,337.12","$277,371.25"
516635358,1/25/2012,January,2012,Wednesday,2/26/2012,32,H,LTU,Lithuania,Europe,Northern Europe,7940,Household,Online,2738,$668.27,$502.54,"$1,829,723.26","$1,375,954.52","$453,768.74"
516994559,6/14/2015,June,2015,Sunday,6/20/2015,6,H,GRC,Greece,Europe,Southern Europe,4594,Fruits,Offline,9034,$9.33,$6.92,"$84,287.22","$62,515.28","$21,771.94"
517097985,3/18/2017,March,2017,Saturday,4/14/2017,27,M,LVA,Latvia,Europe,Northern Europe,8969,Snacks,Online,9640,$152.58,$97.44,"$1,470,871.20","$939,321.60","$531,549.60"
517514264,8/3/2014,August,2014,Sunday,9/4/2014,32,L,GEO,Georgia,Asia,Western Asia,8875,Meat,Offline,2826,$421.89,$364.69,"$1,192,261.14","$1,030,613.94","$161,647.20"
518421494,10/22/2016,October,2016,Saturday,10/22/2016,0,H,SMR,San Marino,Europe,Southern Europe,2103,Cereal,Online,1296,$205.70,$117.11,"$266,587.20","$151,774.56","$114,812.64"
519380223,1/12/2015,January,2015,Monday,1/17/2015,5,M,BEL,Belgium,Europe,Western Europe,8969,Snacks,Online,5005,$152.58,$97.44,"$763,662.90","$487,687.20","$275,975.70"
520390880,6/10/2011,June,2011,Friday,7/24/2011,44,M,POL,Poland,Europe,Eastern Europe,2103,Cereal,Offline,4080,$205.70,$117.11,"$839,256.00","$477,808.80","$361,447.20"
520777547,3/2/2010,March,2010,Tuesday,4/15/2010,44,C,BGR,Bulgaria,Europe,Eastern Europe,2455,Clothes,Offline,8504,$109.28,$35.84,"$929,317.12","$304,783.36","$624,533.76"
520915305,10/16/2011,October,2011,Sunday,11/7/2011,22,H,RUS,Russia,Europe,Eastern Europe,8681,Office Supplies,Offline,9270,$651.21,$524.96,"$6,036,716.70","$4,866,379.20","$1,170,337.50"
521681344,2/16/2010,February,2010,Tuesday,4/3/2010,46,M,CZE,Czech Republic,Europe,Eastern Europe,8681,Office Supplies,Online,5957,$651.21,$524.96,"$3,879,257.97","$3,127,186.72","$752,071.25"
521874034,1/6/2010,January,2010,Wednesday,2/3/2010,28,M,BLR,Belarus,Europe,Eastern Europe,8293,Cosmetics,Offline,2979,$437.20,$263.33,"$1,302,418.80","$784,460.07","$517,958.73"
522323358,11/16/2015,November,2015,Monday,11/20/2015,4,H,ROU,Romania,Europe,Eastern Europe,2455,Clothes,Online,5944,$109.28,$35.84,"$649,560.32","$213,032.96","$436,527.36"
523580348,6/25/2011,June,2011,Saturday,8/4/2011,40,C,SRB,Serbia,Europe,Southern Europe,2455,Clothes,Online,7915,$109.28,$35.84,"$864,951.20","$283,673.60","$581,277.60"
523707807,11/25/2013,November,2013,Monday,12/16/2013,21,M,BIH,Bosnia and Herzegovina,Europe,Southern Europe,5988,Vegetables,Online,5633,$154.06,$90.93,"$867,819.98","$512,208.69","$355,611.29"
523836123,2/6/2013,February,2013,Wednesday,3/22/2013,44,C,LTU,Lithuania,Europe,Northern Europe,2455,Clothes,Online,3605,$109.28,$35.84,"$393,954.40","$129,203.20","$264,751.20"
523899209,11/1/2014,November,2014,Saturday,11/16/2014,15,C,DEU,Germany,Europe,Western Europe,7331,Baby Food,Offline,2273,$255.28,$159.42,"$580,251.44","$362,361.66","$217,889.78"
524844634,10/10/2013,October,2013,Thursday,10/13/2013,3,M,GRC,Greece,Europe,Southern Europe,2103,Cereal,Offline,2045,$205.70,$117.11,"$420,656.50","$239,489.95","$181,166.55"
524972951,12/22/2012,December,2012,Saturday,1/17/2013,26,L,ROU,Romania,Europe,Eastern Europe,8875,Meat,Offline,17,$421.89,$364.69,"$7,172.13","$6,199.73",$972.40
525321424,12/25/2014,December,2014,Thursday,12/31/2014,6,H,MNE,Montenegro,Europe,Southern Europe,7940,Household,Online,3138,$668.27,$502.54,"$2,097,031.26","$1,576,970.52","$520,060.74"
525472486,11/21/2015,November,2015,Saturday,11/23/2015,2,M,MKD,Macedonia,Europe,Southern Europe,7331,Baby Food,Online,7840,$255.28,$159.42,"$2,001,395.20","$1,249,852.80","$751,542.40"
525749719,9/9/2012,September,2012,Sunday,10/22/2012,43,L,BLR,Belarus,Europe,Eastern Europe,8969,Snacks,Online,9880,$152.58,$97.44,"$1,507,490.40","$962,707.20","$544,783.20"
526018369,6/3/2011,June,2011,Friday,6/21/2011,18,M,Unknow,Unknow,Unknow,Unknow,8293,Cosmetics,Online,9379,$437.20,$263.33,"$4,100,498.80","$2,469,772.07","$1,630,726.73"
526350104,11/19/2011,November,2011,Saturday,12/4/2011,15,M,MNE,Montenegro,Europe,Southern Europe,2455,Clothes,Offline,7547,$109.28,$35.84,"$824,736.16","$270,484.48","$554,251.68"
526533353,12/2/2016,December,2016,Friday,1/12/2017,41,M,GEO,Georgia,Asia,Western Asia,4594,Fruits,Online,1775,$9.33,$6.92,"$16,560.75","$12,283.00","$4,277.75"
527079236,6/14/2012,June,2012,Thursday,6/20/2012,6,M,CZE,Czech Republic,Europe,Eastern Europe,5988,Vegetables,Online,3314,$154.06,$90.93,"$510,554.84","$301,342.02","$209,212.82"
527259910,1/4/2012,January,2012,Wednesday,1/11/2012,7,H,LIE,Liechtenstein,Europe,Western Europe,3127,Personal Care,Online,6779,$81.73,$56.67,"$554,047.67","$384,165.93","$169,881.74"
527509677,6/19/2013,June,2013,Wednesday,7/10/2013,21,C,ISL,Iceland,Europe,Northern Europe,8681,Office Supplies,Online,691,$651.21,$524.96,"$449,986.11","$362,747.36","$87,238.75"
530262696,4/29/2012,April,2012,Sunday,5/11/2012,12,C,LTU,Lithuania,Europe,Northern Europe,2455,Clothes,Offline,5370,$109.28,$35.84,"$586,833.60","$192,460.80","$394,372.80"
530702579,10/7/2015,October,2015,Wednesday,11/9/2015,33,M,GBR,United Kingdom,Europe,Northern Europe,7331,Baby Food,Offline,5541,$255.28,$159.42,"$1,414,506.48","$883,346.22","$531,160.26"
530882394,12/21/2010,December,2010,Tuesday,2/2/2011,43,M,HRV,Croatia,Europe,Southern Europe,8875,Meat,Online,8753,$421.89,$364.69,"$3,692,803.17","$3,192,131.57","$500,671.60"
531281936,5/19/2014,May,2014,Monday,6/3/2014,15,C,FRA,France,Europe,Western Europe,8875,Meat,Online,6986,$421.89,$364.69,"$2,947,323.54","$2,547,724.34","$399,599.20"
533314406,9/29/2010,September,2010,Wednesday,10/29/2010,30,C,AND,Andorra,Europe,Southern Europe,7940,Household,Online,8439,$668.27,$502.54,"$5,639,530.53","$4,240,935.06","$1,398,595.47"
533597218,2/9/2013,February,2013,Saturday,2/24/2013,15,M,PRT,Portugal,Europe,Southern Europe,8681,Office Supplies,Online,2130,$651.21,$524.96,"$1,387,077.30","$1,118,164.80","$268,912.50"
534641349,8/7/2012,August,2012,Tuesday,8/27/2012,20,L,RUS,Russia,Europe,Eastern Europe,1270,Beverages,Offline,1111,$47.45,$31.79,"$52,716.95","$35,318.69","$17,398.26"
534709155,7/19/2015,July,2015,Sunday,9/2/2015,45,H,POL,Poland,Europe,Eastern Europe,5988,Vegetables,Online,1176,$154.06,$90.93,"$181,174.56","$106,933.68","$74,240.88"
535740411,5/10/2010,May,2010,Monday,6/7/2010,28,M,AUT,Austria,Europe,Western Europe,3127,Personal Care,Offline,6348,$81.73,$56.67,"$518,822.04","$359,741.16","$159,080.88"
536095750,11/16/2016,November,2016,Wednesday,12/26/2016,40,C,SVK,Slovakia,Europe,Eastern Europe,8969,Snacks,Offline,1500,$152.58,$97.44,"$228,870.00","$146,160.00","$82,710.00"
538430345,1/21/2015,January,2015,Wednesday,3/10/2015,48,H,HUN,Hungary,Europe,Eastern Europe,2455,Clothes,Offline,2359,$109.28,$35.84,"$257,791.52","$84,546.56","$173,244.96"
539002406,7/21/2014,July,2014,Monday,7/23/2014,2,C,DNK,Denmark,Europe,Northern Europe,2455,Clothes,Online,1645,$109.28,$35.84,"$179,765.60","$58,956.80","$120,808.80"
540982520,7/24/2010,July,2010,Saturday,9/1/2010,39,L,AUT,Austria,Europe,Western Europe,8293,Cosmetics,Offline,7604,$437.20,$263.33,"$3,324,468.80","$2,002,361.32","$1,322,107.48"
543322694,4/21/2014,April,2014,Monday,6/1/2014,41,M,RUS,Russia,Europe,Eastern Europe,1270,Beverages,Offline,114,$47.45,$31.79,"$5,409.30","$3,624.06","$1,785.24"
543396508,5/31/2017,May,2017,Wednesday,6/5/2017,5,C,LIE,Liechtenstein,Europe,Western Europe,8875,Meat,Online,1957,$421.89,$364.69,"$825,638.73","$713,698.33","$111,940.40"
544284856,10/14/2014,October,2014,Tuesday,10/25/2014,11,M,LTU,Lithuania,Europe,Northern Europe,7940,Household,Offline,4839,$668.27,$502.54,"$3,233,758.53","$2,431,791.06","$801,967.47"
544741475,3/10/2012,March,2012,Saturday,3/25/2012,15,C,NLD,Netherlands,Europe,Western Europe,3127,Personal Care,Online,9963,$81.73,$56.67,"$814,275.99","$564,603.21","$249,672.78"
545059049,8/4/2016,August,2016,Thursday,8/8/2016,4,H,LIE,Liechtenstein,Europe,Western Europe,2455,Clothes,Offline,3940,$109.28,$35.84,"$430,563.20","$141,209.60","$289,353.60"
546081721,4/30/2013,April,2013,Tuesday,5/22/2013,22,H,POL,Poland,Europe,Eastern Europe,8875,Meat,Online,6571,$421.89,$364.69,"$2,772,239.19","$2,396,377.99","$375,861.20"
546140086,11/7/2013,November,2013,Thursday,12/19/2013,42,L,ISL,Iceland,Europe,Northern Europe,3127,Personal Care,Offline,3843,$81.73,$56.67,"$314,088.39","$217,782.81","$96,305.58"
546544349,11/25/2010,November,2010,Thursday,12/12/2010,17,L,MNE,Montenegro,Europe,Southern Europe,7940,Household,Offline,3473,$668.27,$502.54,"$2,320,901.71","$1,745,321.42","$575,580.29"
547225844,4/28/2012,April,2012,Saturday,5/30/2012,32,L,IRL,Ireland,Europe,Northern Europe,3127,Personal Care,Offline,5143,$81.73,$56.67,"$420,337.39","$291,453.81","$128,883.58"
547587192,6/9/2011,June,2011,Thursday,7/14/2011,35,M,Unknow,Unknow,Unknow,Unknow,2103,Cereal,Online,2073,$205.70,$117.11,"$426,416.10","$242,769.03","$183,647.07"
547625386,9/25/2015,September,2015,Friday,9/29/2015,4,H,LUX,Luxembourg,Europe,Western Europe,3127,Personal Care,Offline,3376,$81.73,$56.67,"$275,920.48","$191,317.92","$84,602.56"
548015487,9/19/2016,September,2016,Monday,10/9/2016,20,L,IRL,Ireland,Europe,Northern Europe,4594,Fruits,Online,8815,$9.33,$6.92,"$82,243.95","$60,999.80","$21,244.15"
548343789,12/4/2014,December,2014,Thursday,12/6/2014,2,L,CYP,Cyprus,Asia,Western Asia,8969,Snacks,Offline,5967,$152.58,$97.44,"$910,444.86","$581,424.48","$329,020.38"
548403012,3/23/2012,March,2012,Friday,4/4/2012,12,C,GBR,United Kingdom,Europe,Northern Europe,7940,Household,Online,3493,$668.27,$502.54,"$2,334,267.11","$1,755,372.22","$578,894.89"
549048888,10/31/2014,October,2014,Friday,12/2/2014,32,H,LUX,Luxembourg,Europe,Western Europe,8681,Office Supplies,Online,4622,$651.21,$524.96,"$3,009,892.62","$2,426,365.12","$583,527.50"
549058330,4/3/2017,April,2017,Monday,5/11/2017,38,H,RUS,Russia,Europe,Eastern Europe,7940,Household,Online,7416,$668.27,$502.54,"$4,955,890.32","$3,726,836.64","$1,229,053.68"
549187934,5/30/2015,May,2015,Saturday,7/17/2015,48,H,SVK,Slovakia,Europe,Eastern Europe,8293,Cosmetics,Online,5769,$437.20,$263.33,"$2,522,206.80","$1,519,150.77","$1,003,056.03"
551118266,7/16/2016,July,2016,Saturday,8/15/2016,30,L,BIH,Bosnia and Herzegovina,Europe,Southern Europe,7331,Baby Food,Online,6997,$255.28,$159.42,"$1,786,194.16","$1,115,461.74","$670,732.42"
552037513,7/8/2011,July,2011,Friday,8/5/2011,28,M,CZE,Czech Republic,Europe,Eastern Europe,2103,Cereal,Online,9022,$205.70,$117.11,"$1,855,825.40","$1,056,566.42","$799,258.98"
552276551,8/6/2011,August,2011,Saturday,9/24/2011,49,L,CZE,Czech Republic,Europe,Eastern Europe,8875,Meat,Offline,9759,$421.89,$364.69,"$4,117,224.51","$3,559,009.71","$558,214.80"
552931869,8/16/2016,August,2016,Tuesday,9/9/2016,24,H,AND,Andorra,Europe,Southern Europe,8875,Meat,Offline,3682,$421.89,$364.69,"$1,553,398.98","$1,342,788.58","$210,610.40"
553107821,12/21/2014,December,2014,Sunday,1/13/2015,23,M,CYP,Cyprus,Asia,Western Asia,3127,Personal Care,Online,5751,$81.73,$56.67,"$470,029.23","$325,909.17","$144,120.06"
554554927,7/22/2012,July,2012,Sunday,8/6/2012,15,C,SMR,San Marino,Europe,Southern Europe,2103,Cereal,Offline,3981,$205.70,$117.11,"$818,891.70","$466,214.91","$352,676.79"
554721438,1/20/2016,January,2016,Wednesday,1/28/2016,8,H,PRT,Portugal,Europe,Southern Europe,1270,Beverages,Offline,3256,$47.45,$31.79,"$154,497.20","$103,508.24","$50,988.96"
556263816,12/5/2011,December,2011,Monday,12/7/2011,2,M,ESP,Spain,Europe,Southern Europe,1270,Beverages,Online,9679,$47.45,$31.79,"$459,268.55","$307,695.41","$151,573.14"
556647908,9/30/2012,September,2012,Sunday,10/29/2012,29,C,GBR,United Kingdom,Europe,Northern Europe,5988,Vegetables,Online,3341,$154.06,$90.93,"$514,714.46","$303,797.13","$210,917.33"
556947886,4/5/2011,April,2011,Tuesday,5/17/2011,42,L,AND,Andorra,Europe,Southern Europe,2103,Cereal,Online,2111,$205.70,$117.11,"$434,232.70","$247,219.21","$187,013.49"
559183347,4/14/2014,April,2014,Monday,5/21/2014,37,L,UKR,Ukraine,Europe,Eastern Europe,2103,Cereal,Offline,3633,$205.70,$117.11,"$747,308.10","$425,460.63","$321,847.47"
559417665,2/25/2013,February,2013,Monday,2/28/2013,3,M,SRB,Serbia,Europe,Southern Europe,5988,Vegetables,Offline,2973,$154.06,$90.93,"$458,020.38","$270,334.89","$187,685.49"
560389268,1/22/2016,January,2016,Friday,2/22/2016,31,M,SMR,San Marino,Europe,Southern Europe,5988,Vegetables,Offline,492,$154.06,$90.93,"$75,797.52","$44,737.56","$31,059.96"
560762631,7/3/2015,July,2015,Friday,7/16/2015,13,H,GBR,United Kingdom,Europe,Northern Europe,8681,Office Supplies,Online,979,$651.21,$524.96,"$637,534.59","$513,935.84","$123,598.75"
561534678,1/2/2014,January,2014,Thursday,1/29/2014,27,L,CYP,Cyprus,Asia,Western Asia,3127,Personal Care,Online,9445,$81.73,$56.67,"$771,939.85","$535,248.15","$236,691.70"
563939225,11/11/2010,November,2010,Thursday,12/19/2010,38,C,ISL,Iceland,Europe,Northern Europe,2455,Clothes,Offline,1004,$109.28,$35.84,"$109,717.12","$35,983.36","$73,733.76"
564173543,4/21/2017,April,2017,Friday,4/26/2017,5,L,FIN,Finland,Europe,Northern Europe,7331,Baby Food,Offline,343,$255.28,$159.42,"$87,561.04","$54,681.06","$32,879.98"
566428315,3/16/2012,March,2012,Friday,3/23/2012,7,H,FIN,Finland,Europe,Northern Europe,1270,Beverages,Online,7581,$47.45,$31.79,"$359,718.45","$240,999.99","$118,718.46"
567412793,3/21/2012,March,2012,Wednesday,3/27/2012,6,M,CHE,Switzerland,Europe,Western Europe,4594,Fruits,Offline,8910,$9.33,$6.92,"$83,130.30","$61,657.20","$21,473.10"
567751824,10/21/2011,October,2011,Friday,11/21/2011,31,C,MLT,Malta,Europe,Southern Europe,8293,Cosmetics,Online,9236,$437.20,$263.33,"$4,037,979.20","$2,432,115.88","$1,605,863.32"
569170606,4/7/2017,April,2017,Friday,4/13/2017,6,M,LVA,Latvia,Europe,Northern Europe,8969,Snacks,Offline,9085,$152.58,$97.44,"$1,386,189.30","$885,242.40","$500,946.90"
569864976,10/18/2015,October,2015,Sunday,11/30/2015,43,M,CHE,Switzerland,Europe,Western Europe,2103,Cereal,Offline,4565,$205.70,$117.11,"$939,020.50","$534,607.15","$404,413.35"
569941365,10/24/2016,October,2016,Monday,11/26/2016,33,M,AND,Andorra,Europe,Southern Europe,7331,Baby Food,Online,7170,$255.28,$159.42,"$1,830,357.60","$1,143,041.40","$687,316.20"
570476520,12/20/2010,December,2010,Monday,12/24/2010,4,L,ALB,Albania,Europe,Southern Europe,7940,Household,Online,5534,$668.27,$502.54,"$3,698,206.18","$2,781,056.36","$917,149.82"
570703542,9/19/2010,September,2010,Sunday,11/3/2010,45,C,ISL,Iceland,Europe,Northern Europe,3127,Personal Care,Offline,2715,$81.73,$56.67,"$221,896.95","$153,859.05","$68,037.90"
571161448,8/25/2014,August,2014,Monday,9/30/2014,36,L,CZE,Czech Republic,Europe,Eastern Europe,7940,Household,Online,8220,$668.27,$502.54,"$5,493,179.40","$4,130,878.80","$1,362,300.60"
571323239,12/7/2016,December,2016,Wednesday,1/1/2017,25,M,ARM,Armenia,Asia,Western Asia,5988,Vegetables,Online,6097,$154.06,$90.93,"$939,303.82","$554,400.21","$384,903.61"
572634732,3/14/2016,March,2016,Monday,4/1/2016,18,H,ROU,Romania,Europe,Eastern Europe,2103,Cereal,Online,4197,$205.70,$117.11,"$863,322.90","$491,510.67","$371,812.23"
574247491,12/5/2012,December,2012,Wednesday,12/17/2012,12,H,CZE,Czech Republic,Europe,Eastern Europe,7940,Household,Offline,1448,$668.27,$502.54,"$967,654.96","$727,677.92","$239,977.04"
574925124,6/28/2017,June,2017,Wednesday,7/13/2017,15,M,UKR,Ukraine,Europe,Eastern Europe,8293,Cosmetics,Offline,1975,$437.20,$263.33,"$863,470.00","$520,076.75","$343,393.25"
575479590,2/4/2011,February,2011,Friday,3/22/2011,46,L,AND,Andorra,Europe,Southern Europe,8969,Snacks,Online,6054,$152.58,$97.44,"$923,719.32","$589,901.76","$333,817.56"
575552117,4/3/2015,April,2015,Friday,4/26/2015,23,C,AUT,Austria,Europe,Western Europe,8681,Office Supplies,Offline,7516,$651.21,$524.96,"$4,894,494.36","$3,945,599.36","$948,895.00"
575583016,11/8/2012,November,2012,Thursday,11/24/2012,16,C,BIH,Bosnia and Herzegovina,Europe,Southern Europe,8681,Office Supplies,Offline,6660,$651.21,$524.96,"$4,337,058.60","$3,496,233.60","$840,825.00"
575758969,3/15/2011,March,2011,Tuesday,3/29/2011,14,H,FRA,France,Europe,Western Europe,3127,Personal Care,Online,8729,$81.73,$56.67,"$713,421.17","$494,672.43","$218,748.74"
576944720,9/30/2016,September,2016,Friday,10/9/2016,9,L,ALB,Albania,Europe,Southern Europe,8293,Cosmetics,Offline,9619,$437.20,$263.33,"$4,205,426.80","$2,532,971.27","$1,672,455.53"
577530944,4/22/2012,April,2012,Sunday,5/15/2012,23,C,CZE,Czech Republic,Europe,Eastern Europe,3127,Personal Care,Online,3095,$81.73,$56.67,"$252,954.35","$175,393.65","$77,560.70"
578356206,7/9/2015,July,2015,Thursday,7/15/2015,6,M,ISL,Iceland,Europe,Northern Europe,8875,Meat,Online,7309,$421.89,$364.69,"$3,083,594.01","$2,665,519.21","$418,074.80"
578666484,3/24/2013,March,2013,Sunday,4/11/2013,18,H,RUS,Russia,Europe,Eastern Europe,4594,Fruits,Offline,9127,$9.33,$6.92,"$85,154.91","$63,158.84","$21,996.07"
579094779,12/8/2010,December,2010,Wednesday,12/11/2010,3,M,CYP,Cyprus,Asia,Western Asia,5988,Vegetables,Offline,5869,$154.06,$90.93,"$904,178.14","$533,668.17","$370,509.97"
579463422,9/28/2016,September,2016,Wednesday,11/1/2016,34,L,EST,Estonia,Europe,Northern Europe,4594,Fruits,Online,4958,$9.33,$6.92,"$46,258.14","$34,309.36","$11,948.78"
580314862,5/6/2016,May,2016,Friday,5/12/2016,6,C,ISL,Iceland,Europe,Northern Europe,7331,Baby Food,Offline,6918,$255.28,$159.42,"$1,766,027.04","$1,102,867.56","$663,159.48"
580342328,9/10/2011,September,2011,Saturday,10/14/2011,34,H,ARM,Armenia,Asia,Western Asia,2103,Cereal,Offline,5046,$205.70,$117.11,"$1,037,962.20","$590,937.06","$447,025.14"
580463349,10/10/2011,October,2011,Monday,11/8/2011,29,C,UKR,Ukraine,Europe,Eastern Europe,2103,Cereal,Offline,859,$205.70,$117.11,"$176,696.30","$100,597.49","$76,098.81"
580569350,6/10/2011,June,2011,Friday,7/3/2011,23,M,IRL,Ireland,Europe,Northern Europe,1270,Beverages,Offline,2227,$47.45,$31.79,"$105,671.15","$70,796.33","$34,874.82"
580782210,2/16/2015,February,2015,Monday,2/20/2015,4,C,Unknow,Unknow,Unknow,Unknow,8681,Office Supplies,Online,5217,$651.21,$524.96,"$3,397,362.57","$2,738,716.32","$658,646.25"
581193768,4/18/2011,April,2011,Monday,4/24/2011,6,M,CYP,Cyprus,Asia,Western Asia,8969,Snacks,Online,7006,$152.58,$97.44,"$1,068,975.48","$682,664.64","$386,310.84"
582560193,5/25/2016,May,2016,Wednesday,5/28/2016,3,L,HRV,Croatia,Europe,Southern Europe,7940,Household,Online,1362,$668.27,$502.54,"$910,183.74","$684,459.48","$225,724.26"
582563626,1/31/2011,January,2011,Monday,2/19/2011,19,M,Unknow,Unknow,Unknow,Unknow,7940,Household,Online,2378,$668.27,$502.54,"$1,589,146.06","$1,195,040.12","$394,105.94"
582836139,3/31/2014,March,2014,Monday,4/5/2014,5,H,AND,Andorra,Europe,Southern Europe,8681,Office Supplies,Online,3020,$651.21,$524.96,"$1,966,654.20","$1,585,379.20","$381,275.00"
583089339,5/22/2010,May,2010,Saturday,6/26/2010,35,C,GRC,Greece,Europe,Southern Europe,8293,Cosmetics,Online,7948,$437.20,$263.33,"$3,474,865.60","$2,092,946.84","$1,381,918.76"
583451974,1/11/2016,January,2016,Monday,2/5/2016,25,H,Unknow,Unknow,Unknow,Unknow,8969,Snacks,Offline,5260,$152.58,$97.44,"$802,570.80","$512,534.40","$290,036.40"
583654105,10/7/2010,October,2010,Thursday,10/19/2010,12,C,PRT,Portugal,Europe,Southern Europe,8969,Snacks,Online,5075,$152.58,$97.44,"$774,343.50","$494,508.00","$279,835.50"
585362994,2/20/2010,February,2010,Saturday,4/11/2010,50,L,SVK,Slovakia,Europe,Eastern Europe,7940,Household,Offline,773,$668.27,$502.54,"$516,572.71","$388,463.42","$128,109.29"
585677134,4/13/2012,April,2012,Friday,5/4/2012,21,H,DNK,Denmark,Europe,Northern Europe,8969,Snacks,Online,3734,$152.58,$97.44,"$569,733.72","$363,840.96","$205,892.76"
586812674,3/15/2013,March,2013,Friday,3/31/2013,16,M,RUS,Russia,Europe,Eastern Europe,8681,Office Supplies,Offline,9766,$651.21,$524.96,"$6,359,716.86","$5,126,759.36","$1,232,957.50"
587598884,5/5/2015,May,2015,Tuesday,6/13/2015,39,H,GRC,Greece,Europe,Southern Europe,2103,Cereal,Online,2422,$205.70,$117.11,"$498,205.40","$283,640.42","$214,564.98"
587799727,2/15/2011,February,2011,Tuesday,3/27/2011,40,L,SMR,San Marino,Europe,Southern Europe,7331,Baby Food,Offline,1856,$255.28,$159.42,"$473,799.68","$295,883.52","$177,916.16"
587846076,4/26/2011,April,2011,Tuesday,5/24/2011,28,C,SWE,Sweden,Europe,Northern Europe,3127,Personal Care,Online,5572,$81.73,$56.67,"$455,399.56","$315,765.24","$139,634.32"
588528859,9/11/2011,September,2011,Sunday,10/12/2011,31,L,GRC,Greece,Europe,Southern Europe,3127,Personal Care,Online,7623,$81.73,$56.67,"$623,027.79","$431,995.41","$191,032.38"
589842927,6/9/2016,June,2016,Thursday,7/28/2016,49,M,ITA,Italy,Europe,Southern Europe,3127,Personal Care,Offline,6485,$81.73,$56.67,"$530,019.05","$367,504.95","$162,514.10"
591287887,9/20/2010,September,2010,Monday,10/2/2010,12,L,FIN,Finland,Europe,Northern Europe,4594,Fruits,Offline,4080,$9.33,$6.92,"$38,066.40","$28,233.60","$9,832.80"
591774117,5/8/2014,May,2014,Thursday,5/30/2014,22,M,SMR,San Marino,Europe,Southern Europe,2103,Cereal,Online,7967,$205.70,$117.11,"$1,638,811.90","$933,015.37","$705,796.53"
593018233,11/5/2012,November,2012,Monday,12/11/2012,36,M,CYP,Cyprus,Asia,Western Asia,8969,Snacks,Online,6128,$152.58,$97.44,"$935,010.24","$597,112.32","$337,897.92"
593158566,5/17/2012,May,2012,Thursday,6/25/2012,39,C,CYP,Cyprus,Asia,Western Asia,2455,Clothes,Online,7656,$109.28,$35.84,"$836,647.68","$274,391.04","$562,256.64"
594699656,11/14/2016,November,2016,Monday,12/30/2016,46,L,MNE,Montenegro,Europe,Southern Europe,3127,Personal Care,Offline,3699,$81.73,$56.67,"$302,319.27","$209,622.33","$92,696.94"
594813811,6/8/2012,June,2012,Friday,6/17/2012,9,M,NOR,Norway,Europe,Northern Europe,3127,Personal Care,Offline,7480,$81.73,$56.67,"$611,340.40","$423,891.60","$187,448.80"
594991052,4/22/2017,April,2017,Saturday,6/6/2017,45,M,LUX,Luxembourg,Europe,Western Europe,8969,Snacks,Offline,9929,$152.58,$97.44,"$1,514,966.82","$967,481.76","$547,485.06"
595385873,12/7/2011,December,2011,Wednesday,12/21/2011,14,M,LUX,Luxembourg,Europe,Western Europe,3127,Personal Care,Offline,6765,$81.73,$56.67,"$552,903.45","$383,372.55","$169,530.90"
595395314,5/10/2014,May,2014,Saturday,5/30/2014,20,M,SMR,San Marino,Europe,Southern Europe,1270,Beverages,Offline,9559,$47.45,$31.79,"$453,574.55","$303,880.61","$149,693.94"
595496594,10/24/2012,October,2012,Wednesday,11/4/2012,11,H,BGR,Bulgaria,Europe,Eastern Europe,3127,Personal Care,Offline,9530,$81.73,$56.67,"$778,886.90","$540,065.10","$238,821.80"
595922315,8/12/2012,August,2012,Sunday,9/4/2012,23,M,DNK,Denmark,Europe,Northern Europe,8875,Meat,Offline,5510,$421.89,$364.69,"$2,324,613.90","$2,009,441.90","$315,172.00"
596166074,11/27/2013,November,2013,Wednesday,1/13/2014,47,H,DEU,Germany,Europe,Western Europe,7331,Baby Food,Offline,7644,$255.28,$159.42,"$1,951,360.32","$1,218,606.48","$732,753.84"
597105491,9/6/2012,September,2012,Thursday,10/20/2012,44,M,MKD,Macedonia,Europe,Southern Europe,8969,Snacks,Offline,5639,$152.58,$97.44,"$860,398.62","$549,464.16","$310,934.46"
597839343,6/18/2014,June,2014,Wednesday,7/26/2014,38,C,DNK,Denmark,Europe,Northern Europe,3127,Personal Care,Offline,2802,$81.73,$56.67,"$229,007.46","$158,789.34","$70,218.12"
598404109,11/3/2014,November,2014,Monday,11/18/2014,15,H,Unknow,Unknow,Unknow,Unknow,4594,Fruits,Online,9929,$9.33,$6.92,"$92,637.57","$68,708.68","$23,928.89"
599624192,9/3/2012,September,2012,Monday,9/21/2012,18,L,SRB,Serbia,Europe,Southern Europe,1270,Beverages,Online,978,$47.45,$31.79,"$46,406.10","$31,090.62","$15,315.48"
599997556,2/13/2012,February,2012,Monday,2/14/2012,1,H,Unknow,Unknow,Unknow,Unknow,1270,Beverages,Offline,1465,$47.45,$31.79,"$69,514.25","$46,572.35","$22,941.90"
600515115,7/12/2015,July,2015,Sunday,8/30/2015,49,M,CYP,Cyprus,Asia,Western Asia,4594,Fruits,Offline,4622,$9.33,$6.92,"$43,123.26","$31,984.24","$11,139.02"
601422345,3/4/2010,March,2010,Thursday,3/20/2010,16,C,NLD,Netherlands,Europe,Western Europe,1270,Beverages,Online,3092,$47.45,$31.79,"$146,715.40","$98,294.68","$48,420.72"
601588857,9/1/2013,September,2013,Sunday,9/10/2013,9,H,Unknow,Unknow,Unknow,Unknow,2455,Clothes,Offline,2366,$109.28,$35.84,"$258,556.48","$84,797.44","$173,759.04"
601886260,4/9/2014,April,2014,Wednesday,5/27/2014,48,C,FRA,France,Europe,Western Europe,4594,Fruits,Offline,374,$9.33,$6.92,"$3,489.42","$2,588.08",$901.34
601894414,3/2/2010,March,2010,Tuesday,3/19/2010,17,M,SVK,Slovakia,Europe,Eastern Europe,8681,Office Supplies,Offline,2787,$651.21,$524.96,"$1,814,922.27","$1,463,063.52","$351,858.75"
602264344,12/4/2014,December,2014,Thursday,1/7/2015,34,H,MLT,Malta,Europe,Southern Europe,8681,Office Supplies,Offline,2258,$651.21,$524.96,"$1,470,432.18","$1,185,359.68","$285,072.50"
602301251,9/11/2012,September,2012,Tuesday,9/27/2012,16,M,ITA,Italy,Europe,Southern Europe,2455,Clothes,Offline,3180,$109.28,$35.84,"$347,510.40","$113,971.20","$233,539.20"
602357041,4/24/2015,April,2015,Friday,5/5/2015,11,L,RUS,Russia,Europe,Eastern Europe,3127,Personal Care,Online,9689,$81.73,$56.67,"$791,881.97","$549,075.63","$242,806.34"
604124295,3/16/2015,March,2015,Monday,4/2/2015,17,C,MKD,Macedonia,Europe,Southern Europe,8875,Meat,Online,2659,$421.89,$364.69,"$1,121,805.51","$969,710.71","$152,094.80"
604494225,5/22/2012,May,2012,Tuesday,6/25/2012,34,L,GEO,Georgia,Asia,Western Asia,3127,Personal Care,Offline,2129,$81.73,$56.67,"$174,003.17","$120,650.43","$53,352.74"
605029380,2/12/2014,February,2014,Wednesday,2/18/2014,6,H,FRA,France,Europe,Western Europe,4594,Fruits,Offline,493,$9.33,$6.92,"$4,599.69","$3,411.56","$1,188.13"
606118571,11/6/2014,November,2014,Thursday,11/18/2014,12,H,ROU,Romania,Europe,Eastern Europe,5988,Vegetables,Offline,2809,$154.06,$90.93,"$432,754.54","$255,422.37","$177,332.17"
606224572,7/8/2014,July,2014,Tuesday,7/15/2014,7,M,DNK,Denmark,Europe,Northern Europe,8293,Cosmetics,Offline,4177,$437.20,$263.33,"$1,826,184.40","$1,099,929.41","$726,254.99"
607620608,9/12/2010,September,2010,Sunday,9/20/2010,8,H,Unknow,Unknow,Unknow,Unknow,1270,Beverages,Online,7296,$47.45,$31.79,"$346,195.20","$231,939.84","$114,255.36"
607756221,8/3/2016,August,2016,Wednesday,8/11/2016,8,H,LVA,Latvia,Europe,Northern Europe,7940,Household,Online,7426,$668.27,$502.54,"$4,962,573.02","$3,731,862.04","$1,230,710.98"
608374631,4/11/2016,April,2016,Monday,4/12/2016,1,M,ITA,Italy,Europe,Southern Europe,5988,Vegetables,Offline,428,$154.06,$90.93,"$65,937.68","$38,918.04","$27,019.64"
608451879,1/27/2014,January,2014,Monday,3/1/2014,33,C,Unknow,Unknow,Unknow,Unknow,7331,Baby Food,Online,3287,$255.28,$159.42,"$839,105.36","$524,013.54","$315,091.82"
609939754,11/10/2013,November,2013,Sunday,11/30/2013,20,M,BEL,Belgium,Europe,Western Europe,4594,Fruits,Online,3582,$9.33,$6.92,"$33,420.06","$24,787.44","$8,632.62"
609952628,12/20/2010,December,2010,Monday,1/31/2011,42,M,RUS,Russia,Europe,Eastern Europe,8875,Meat,Online,7392,$421.89,$364.69,"$3,118,610.88","$2,695,788.48","$422,822.40"
611766231,1/21/2011,January,2011,Friday,2/26/2011,36,C,NLD,Netherlands,Europe,Western Europe,7331,Baby Food,Offline,4077,$255.28,$159.42,"$1,040,776.56","$649,955.34","$390,821.22"
611791121,1/25/2016,January,2016,Monday,3/3/2016,38,C,UKR,Ukraine,Europe,Eastern Europe,8969,Snacks,Offline,1443,$152.58,$97.44,"$220,172.94","$140,605.92","$79,567.02"
613166129,9/2/2011,September,2011,Friday,10/21/2011,49,M,BLR,Belarus,Europe,Eastern Europe,8293,Cosmetics,Offline,8338,$437.20,$263.33,"$3,645,373.60","$2,195,645.54","$1,449,728.06"
614054477,8/12/2016,August,2016,Friday,8/16/2016,4,C,BLR,Belarus,Europe,Eastern Europe,5988,Vegetables,Online,1220,$154.06,$90.93,"$187,953.20","$110,934.60","$77,018.60"
614321839,5/23/2016,May,2016,Monday,7/5/2016,43,H,SMR,San Marino,Europe,Southern Europe,8875,Meat,Online,339,$421.89,$364.69,"$143,020.71","$123,629.91","$19,390.80"
614597785,3/29/2014,March,2014,Saturday,5/14/2014,46,C,MNE,Montenegro,Europe,Southern Europe,8293,Cosmetics,Offline,1997,$437.20,$263.33,"$873,088.40","$525,870.01","$347,218.39"
615080583,8/11/2015,August,2015,Tuesday,9/19/2015,39,C,PRT,Portugal,Europe,Southern Europe,2103,Cereal,Online,4868,$205.70,$117.11,"$1,001,347.60","$570,091.48","$431,256.12"
615290009,1/14/2017,January,2017,Saturday,1/18/2017,4,M,DEU,Germany,Europe,Western Europe,8875,Meat,Offline,6842,$421.89,$364.69,"$2,886,571.38","$2,495,208.98","$391,362.40"
616775310,5/7/2011,May,2011,Saturday,5/24/2011,17,C,Unknow,Unknow,Unknow,Unknow,8681,Office Supplies,Offline,6375,$651.21,$524.96,"$4,151,463.75","$3,346,620.00","$804,843.75"
621577537,9/9/2015,September,2015,Wednesday,9/16/2015,7,L,ARM,Armenia,Asia,Western Asia,7940,Household,Offline,7461,$668.27,$502.54,"$4,985,962.47","$3,749,450.94","$1,236,511.53"
622441852,5/26/2012,May,2012,Saturday,5/28/2012,2,L,SVN,Slovenia,Europe,Southern Europe,2455,Clothes,Online,3231,$109.28,$35.84,"$353,083.68","$115,799.04","$237,284.64"
623821580,10/15/2016,October,2016,Saturday,10/31/2016,16,L,BIH,Bosnia and Herzegovina,Europe,Southern Europe,4594,Fruits,Offline,1523,$9.33,$6.92,"$14,209.59","$10,539.16","$3,670.43"
624348151,11/14/2012,November,2012,Wednesday,12/8/2012,24,C,UKR,Ukraine,Europe,Eastern Europe,8681,Office Supplies,Online,7347,$651.21,$524.96,"$4,784,439.87","$3,856,881.12","$927,558.75"
624398362,6/30/2017,June,2017,Friday,7/24/2017,24,C,BLR,Belarus,Europe,Eastern Europe,8681,Office Supplies,Offline,2206,$651.21,$524.96,"$1,436,569.26","$1,158,061.76","$278,507.50"
624940383,3/2/2016,March,2016,Wednesday,3/30/2016,28,H,GBR,United Kingdom,Europe,Northern Europe,8293,Cosmetics,Offline,2602,$437.20,$263.33,"$1,137,594.40","$685,184.66","$452,409.74"
625751483,9/29/2015,September,2015,Tuesday,10/1/2015,2,H,SMR,San Marino,Europe,Southern Europe,3127,Personal Care,Offline,2624,$81.73,$56.67,"$214,459.52","$148,702.08","$65,757.44"
626011979,1/2/2011,January,2011,Sunday,1/11/2011,9,L,MCO,Monaco,Europe,Western Europe,2455,Clothes,Offline,9711,$109.28,$35.84,"$1,061,218.08","$348,042.24","$713,175.84"
626109397,8/7/2012,August,2012,Tuesday,9/15/2012,39,C,UKR,Ukraine,Europe,Eastern Europe,2103,Cereal,Online,8539,$205.70,$117.11,"$1,756,472.30","$1,000,002.29","$756,470.01"
626322257,4/15/2016,April,2016,Friday,5/5/2016,20,M,Unknow,Unknow,Unknow,Unknow,3127,Personal Care,Offline,1529,$81.73,$56.67,"$124,965.17","$86,648.43","$38,316.74"
626453149,5/24/2013,May,2013,Friday,6/10/2013,17,C,PRT,Portugal,Europe,Southern Europe,8293,Cosmetics,Offline,263,$437.20,$263.33,"$114,983.60","$69,255.79","$45,727.81"
627003753,2/19/2010,February,2010,Friday,3/26/2010,35,M,ROU,Romania,Europe,Eastern Europe,8875,Meat,Offline,3199,$421.89,$364.69,"$1,349,626.11","$1,166,643.31","$182,982.80"
627432048,6/2/2015,June,2015,Tuesday,6/23/2015,21,C,CYP,Cyprus,Asia,Western Asia,3127,Personal Care,Online,9941,$81.73,$56.67,"$812,477.93","$563,356.47","$249,121.46"
628055179,4/26/2016,April,2016,Tuesday,5/13/2016,17,M,EST,Estonia,Europe,Northern Europe,8681,Office Supplies,Offline,4339,$651.21,$524.96,"$2,825,600.19","$2,277,801.44","$547,798.75"
628515231,12/25/2015,December,2015,Friday,2/1/2016,38,L,SVK,Slovakia,Europe,Eastern Europe,5988,Vegetables,Online,479,$154.06,$90.93,"$73,794.74","$43,555.47","$30,239.27"
628595054,9/8/2011,September,2011,Thursday,10/21/2011,43,M,HUN,Hungary,Europe,Eastern Europe,4594,Fruits,Offline,4100,$9.33,$6.92,"$38,253.00","$28,372.00","$9,881.00"
629301440,7/19/2010,July,2010,Monday,7/29/2010,10,L,IRL,Ireland,Europe,Northern Europe,7331,Baby Food,Offline,3135,$255.28,$159.42,"$800,302.80","$499,781.70","$300,521.10"
630219399,2/21/2014,February,2014,Friday,3/14/2014,21,L,SRB,Serbia,Europe,Southern Europe,7331,Baby Food,Offline,4780,$255.28,$159.42,"$1,220,238.40","$762,027.60","$458,210.80"
630931794,3/3/2013,March,2013,Sunday,4/1/2013,29,H,MNE,Montenegro,Europe,Southern Europe,7331,Baby Food,Offline,5593,$255.28,$159.42,"$1,427,781.04","$891,636.06","$536,144.98"
631172120,3/15/2012,March,2012,Thursday,4/20/2012,36,C,GEO,Georgia,Asia,Western Asia,8875,Meat,Offline,6711,$421.89,$364.69,"$2,831,303.79","$2,447,434.59","$383,869.20"
631460940,9/25/2014,September,2014,Thursday,10/5/2014,10,M,SVN,Slovenia,Europe,Southern Europe,8875,Meat,Offline,2180,$421.89,$364.69,"$919,720.20","$795,024.20","$124,696.00"
631463515,8/21/2012,August,2012,Tuesday,9/25/2012,35,L,CZE,Czech Republic,Europe,Eastern Europe,2455,Clothes,Offline,2942,$109.28,$35.84,"$321,501.76","$105,441.28","$216,060.48"
633312737,7/17/2011,July,2011,Sunday,8/11/2011,25,L,FRA,France,Europe,Western Europe,8875,Meat,Offline,167,$421.89,$364.69,"$70,455.63","$60,903.23","$9,552.40"
633806264,4/15/2014,April,2014,Tuesday,4/26/2014,11,M,FRA,France,Europe,Western Europe,2455,Clothes,Online,6213,$109.28,$35.84,"$678,956.64","$222,673.92","$456,282.72"
633992946,1/4/2014,January,2014,Saturday,1/6/2014,2,H,HUN,Hungary,Europe,Eastern Europe,4594,Fruits,Offline,1456,$9.33,$6.92,"$13,584.48","$10,075.52","$3,508.96"
634033286,1/14/2014,January,2014,Tuesday,1/15/2014,1,M,NOR,Norway,Europe,Northern Europe,3127,Personal Care,Offline,3394,$81.73,$56.67,"$277,391.62","$192,337.98","$85,053.64"
636278617,2/2/2014,February,2014,Sunday,3/22/2014,48,H,ITA,Italy,Europe,Southern Europe,4594,Fruits,Online,7837,$9.33,$6.92,"$73,119.21","$54,232.04","$18,887.17"
636360585,2/5/2013,February,2013,Tuesday,3/8/2013,31,H,PRT,Portugal,Europe,Southern Europe,2103,Cereal,Offline,2093,$205.70,$117.11,"$430,530.10","$245,111.23","$185,418.87"
636907756,2/26/2015,February,2015,Thursday,4/1/2015,34,C,GEO,Georgia,Asia,Western Asia,5988,Vegetables,Online,4013,$154.06,$90.93,"$618,242.78","$364,902.09","$253,340.69"
637040793,7/26/2015,July,2015,Sunday,8/4/2015,9,L,SVK,Slovakia,Europe,Eastern Europe,8969,Snacks,Online,3382,$152.58,$97.44,"$516,025.56","$329,542.08","$186,483.48"
637188422,3/20/2014,March,2014,Thursday,4/29/2014,40,C,FRA,France,Europe,Western Europe,8293,Cosmetics,Online,7069,$437.20,$263.33,"$3,090,566.80","$1,861,479.77","$1,229,087.03"
638041150,10/9/2012,October,2012,Tuesday,11/28/2012,50,L,BIH,Bosnia and Herzegovina,Europe,Southern Europe,7331,Baby Food,Online,9410,$255.28,$159.42,"$2,402,184.80","$1,500,142.20","$902,042.60"
638314521,9/17/2012,September,2012,Monday,10/15/2012,28,H,Unknow,Unknow,Unknow,Unknow,8875,Meat,Online,306,$421.89,$364.69,"$129,098.34","$111,595.14","$17,503.20"
638593900,10/26/2012,October,2012,Friday,12/12/2012,47,L,SWE,Sweden,Europe,Northern Europe,8293,Cosmetics,Online,2981,$437.20,$263.33,"$1,303,293.20","$784,986.73","$518,306.47"
638856971,7/24/2013,July,2013,Wednesday,8/21/2013,28,M,BLR,Belarus,Europe,Eastern Europe,3127,Personal Care,Online,829,$81.73,$56.67,"$67,754.17","$46,979.43","$20,774.74"
638937652,8/12/2013,August,2013,Monday,9/6/2013,25,L,NOR,Norway,Europe,Northern Europe,4594,Fruits,Offline,4705,$9.33,$6.92,"$43,897.65","$32,558.60","$11,339.05"
638957822,5/31/2017,May,2017,Wednesday,6/24/2017,24,M,SVK,Slovakia,Europe,Eastern Europe,1270,Beverages,Online,673,$47.45,$31.79,"$31,933.85","$21,394.67","$10,539.18"
639126908,3/30/2011,March,2011,Wednesday,5/10/2011,41,C,BIH,Bosnia and Herzegovina,Europe,Southern Europe,2103,Cereal,Online,710,$205.70,$117.11,"$146,047.00","$83,148.10","$62,898.90"
640295922,4/1/2015,April,2015,Wednesday,4/3/2015,2,M,BIH,Bosnia and Herzegovina,Europe,Southern Europe,7331,Baby Food,Online,6647,$255.28,$159.42,"$1,696,846.16","$1,059,664.74","$637,181.42"
640394628,10/19/2015,October,2015,Monday,11/7/2015,19,H,BIH,Bosnia and Herzegovina,Europe,Southern Europe,8681,Office Supplies,Offline,5856,$651.21,$524.96,"$3,813,485.76","$3,074,165.76","$739,320.00"
640476596,10/21/2014,October,2014,Tuesday,10/24/2014,3,H,ISL,Iceland,Europe,Northern Europe,4594,Fruits,Online,112,$9.33,$6.92,"$1,044.96",$775.04,$269.92
641537463,11/2/2015,November,2015,Monday,12/14/2015,42,H,BGR,Bulgaria,Europe,Eastern Europe,8681,Office Supplies,Online,4047,$651.21,$524.96,"$2,635,446.87","$2,124,513.12","$510,933.75"
642123687,5/25/2011,May,2011,Wednesday,5/30/2011,5,M,GRC,Greece,Europe,Southern Europe,1270,Beverages,Online,7523,$47.45,$31.79,"$356,966.35","$239,156.17","$117,810.18"
642953670,10/27/2015,October,2015,Tuesday,12/9/2015,43,M,NLD,Netherlands,Europe,Western Europe,1270,Beverages,Offline,3134,$47.45,$31.79,"$148,708.30","$99,629.86","$49,078.44"
643027484,5/11/2011,May,2011,Wednesday,5/18/2011,7,H,ISL,Iceland,Europe,Northern Europe,8875,Meat,Online,4977,$421.89,$364.69,"$2,099,746.53","$1,815,062.13","$284,684.40"
643259227,4/26/2012,April,2012,Thursday,4/26/2012,0,L,CHE,Switzerland,Europe,Western Europe,8875,Meat,Offline,3555,$421.89,$364.69,"$1,499,818.95","$1,296,472.95","$203,346.00"
643448483,7/9/2017,July,2017,Sunday,7/25/2017,16,L,GRC,Greece,Europe,Southern Europe,4594,Fruits,Online,9560,$9.33,$6.92,"$89,194.80","$66,155.20","$23,039.60"
643770778,7/24/2015,July,2015,Friday,7/31/2015,7,L,GEO,Georgia,Asia,Western Asia,3127,Personal Care,Offline,4934,$81.73,$56.67,"$403,255.82","$279,609.78","$123,646.04"
644592607,7/6/2016,July,2016,Wednesday,7/31/2016,25,H,BLR,Belarus,Europe,Eastern Europe,8681,Office Supplies,Offline,8131,$651.21,$524.96,"$5,294,988.51","$4,268,449.76","$1,026,538.75"
645111024,9/12/2016,September,2016,Monday,9/26/2016,14,C,GRC,Greece,Europe,Southern Europe,8875,Meat,Offline,1543,$421.89,$364.69,"$650,976.27","$562,716.67","$88,259.60"
645309722,10/1/2016,October,2016,Saturday,11/6/2016,36,C,ARM,Armenia,Asia,Western Asia,8875,Meat,Offline,342,$421.89,$364.69,"$144,286.38","$124,723.98","$19,562.40"
645701968,6/20/2013,June,2013,Thursday,7/21/2013,31,L,NOR,Norway,Europe,Northern Europe,2103,Cereal,Offline,6416,$205.70,$117.11,"$1,319,771.20","$751,377.76","$568,393.44"
645956456,2/20/2016,February,2016,Saturday,4/8/2016,48,H,POL,Poland,Europe,Eastern Europe,7331,Baby Food,Offline,1725,$255.28,$159.42,"$440,358.00","$274,999.50","$165,358.50"
646691596,11/14/2016,November,2016,Monday,12/13/2016,29,H,AUT,Austria,Europe,Western Europe,1270,Beverages,Online,9269,$47.45,$31.79,"$439,814.05","$294,661.51","$145,152.54"
646981704,10/13/2010,October,2010,Wednesday,11/23/2010,41,M,FIN,Finland,Europe,Northern Europe,7331,Baby Food,Online,5118,$255.28,$159.42,"$1,306,523.04","$815,911.56","$490,611.48"
647943866,4/7/2011,April,2011,Thursday,4/18/2011,11,M,ALB,Albania,Europe,Southern Europe,2455,Clothes,Online,9843,$109.28,$35.84,"$1,075,643.04","$352,773.12","$722,869.92"
650078475,6/9/2010,June,2010,Wednesday,6/18/2010,9,H,HRV,Croatia,Europe,Southern Europe,8681,Office Supplies,Online,1522,$651.21,$524.96,"$991,141.62","$798,989.12","$192,152.50"
650208079,2/29/2016,February,2016,Monday,3/19/2016,19,H,EST,Estonia,Europe,Northern Europe,1270,Beverages,Online,9875,$47.45,$31.79,"$468,568.75","$313,926.25","$154,642.50"
651247489,6/11/2014,June,2014,Wednesday,7/2/2014,21,C,BGR,Bulgaria,Europe,Eastern Europe,5988,Vegetables,Offline,7459,$154.06,$90.93,"$1,149,133.54","$678,246.87","$470,886.67"
651895511,10/12/2012,October,2012,Friday,11/1/2012,20,L,LIE,Liechtenstein,Europe,Western Europe,7331,Baby Food,Offline,9223,$255.28,$159.42,"$2,354,447.44","$1,470,330.66","$884,116.78"
652252137,9/7/2010,September,2010,Tuesday,9/26/2010,19,L,GBR,United Kingdom,Europe,Northern Europe,5988,Vegetables,Online,4757,$154.06,$90.93,"$732,863.42","$432,554.01","$300,309.41"
652501904,2/21/2012,February,2012,Tuesday,3/25/2012,33,M,SVN,Slovenia,Europe,Southern Europe,2103,Cereal,Online,8668,$205.70,$117.11,"$1,783,007.60","$1,015,109.48","$767,898.12"
653087270,12/2/2010,December,2010,Thursday,12/7/2010,5,H,ALB,Albania,Europe,Southern Europe,8969,Snacks,Online,1891,$152.58,$97.44,"$288,528.78","$184,259.04","$104,269.74"
653152501,12/17/2015,December,2015,Thursday,12/22/2015,5,M,MKD,Macedonia,Europe,Southern Europe,1270,Beverages,Offline,1194,$47.45,$31.79,"$56,655.30","$37,957.26","$18,698.04"
653548610,2/9/2017,February,2017,Thursday,2/21/2017,12,C,EST,Estonia,Europe,Northern Europe,1270,Beverages,Offline,8412,$47.45,$31.79,"$399,149.40","$267,417.48","$131,731.92"
653800523,4/19/2014,April,2014,Saturday,4/23/2014,4,H,CHE,Switzerland,Europe,Western Europe,3127,Personal Care,Offline,2958,$81.73,$56.67,"$241,757.34","$167,629.86","$74,127.48"
653909957,3/23/2016,March,2016,Wednesday,4/6/2016,14,M,SVK,Slovakia,Europe,Eastern Europe,8681,Office Supplies,Online,5342,$651.21,$524.96,"$3,478,763.82","$2,804,336.32","$674,427.50"
653920686,1/11/2010,January,2010,Monday,1/18/2010,7,C,ROU,Romania,Europe,Eastern Europe,8969,Snacks,Online,8517,$152.58,$97.44,"$1,299,523.86","$829,896.48","$469,627.38"
655287110,2/18/2015,February,2015,Wednesday,2/22/2015,4,H,PRT,Portugal,Europe,Southern Europe,7940,Household,Offline,2873,$668.27,$502.54,"$1,919,939.71","$1,443,797.42","$476,142.29"
655328738,2/10/2014,February,2014,Monday,3/22/2014,40,C,POL,Poland,Europe,Eastern Europe,2103,Cereal,Offline,5191,$205.70,$117.11,"$1,067,788.70","$607,918.01","$459,870.69"
656244552,5/28/2014,May,2014,Wednesday,6/19/2014,22,C,GRC,Greece,Europe,Southern Europe,4594,Fruits,Offline,6201,$9.33,$6.92,"$57,855.33","$42,910.92","$14,944.41"
656689155,6/24/2011,June,2011,Friday,8/9/2011,46,C,SWE,Sweden,Europe,Northern Europe,7940,Household,Offline,7769,$668.27,$502.54,"$5,191,789.63","$3,904,233.26","$1,287,556.37"
659193694,5/31/2015,May,2015,Sunday,6/11/2015,11,M,SRB,Serbia,Europe,Southern Europe,8681,Office Supplies,Online,8918,$651.21,$524.96,"$5,807,490.78","$4,681,593.28","$1,125,897.50"
659196269,4/26/2013,April,2013,Friday,6/1/2013,36,L,HRV,Croatia,Europe,Southern Europe,7940,Household,Online,9680,$668.27,$502.54,"$6,468,853.60","$4,864,587.20","$1,604,266.40"
659671771,7/28/2015,July,2015,Tuesday,7/29/2015,1,C,RUS,Russia,Europe,Eastern Europe,8293,Cosmetics,Offline,391,$437.20,$263.33,"$170,945.20","$102,962.03","$67,983.17"
660312926,12/18/2016,December,2016,Sunday,1/5/2017,18,C,EST,Estonia,Europe,Northern Europe,2455,Clothes,Offline,123,$109.28,$35.84,"$13,441.44","$4,408.32","$9,033.12"
660481584,3/11/2016,March,2016,Friday,4/20/2016,40,M,UKR,Ukraine,Europe,Eastern Europe,8681,Office Supplies,Offline,33,$651.21,$524.96,"$21,489.93","$17,323.68","$4,166.25"
662623488,6/26/2014,June,2014,Thursday,7/11/2014,15,C,MLT,Malta,Europe,Southern Europe,8875,Meat,Offline,3870,$421.89,$364.69,"$1,632,714.30","$1,411,350.30","$221,364.00"
663080108,11/21/2011,November,2011,Monday,12/10/2011,19,H,PRT,Portugal,Europe,Southern Europe,8875,Meat,Online,8994,$421.89,$364.69,"$3,794,478.66","$3,280,021.86","$514,456.80"
665786778,7/24/2010,July,2010,Saturday,8/15/2010,22,L,ROU,Romania,Europe,Eastern Europe,4594,Fruits,Offline,9958,$9.33,$6.92,"$92,908.14","$68,909.36","$23,998.78"
665817677,9/26/2015,September,2015,Saturday,10/10/2015,14,C,SRB,Serbia,Europe,Southern Europe,4594,Fruits,Online,9102,$9.33,$6.92,"$84,921.66","$62,985.84","$21,935.82"
666483724,7/28/2014,July,2014,Monday,8/31/2014,34,C,MKD,Macedonia,Europe,Southern Europe,7940,Household,Online,6199,$668.27,$502.54,"$4,142,605.73","$3,115,245.46","$1,027,360.27"
666921460,9/14/2014,September,2014,Sunday,10/10/2014,26,H,DNK,Denmark,Europe,Northern Europe,2103,Cereal,Online,5735,$205.70,$117.11,"$1,179,689.50","$671,625.85","$508,063.65"
667054498,2/11/2015,February,2015,Wednesday,2/12/2015,1,H,PRT,Portugal,Europe,Southern Europe,3127,Personal Care,Online,5104,$81.73,$56.67,"$417,149.92","$289,243.68","$127,906.24"
667324435,10/18/2012,October,2012,Thursday,10/31/2012,13,L,SMR,San Marino,Europe,Southern Europe,7331,Baby Food,Online,4985,$255.28,$159.42,"$1,272,570.80","$794,708.70","$477,862.10"
667420995,1/16/2010,January,2010,Saturday,1/18/2010,2,C,ARM,Armenia,Asia,Western Asia,3127,Personal Care,Online,3559,$81.73,$56.67,"$290,877.07","$201,688.53","$89,188.54"
668280589,2/11/2013,February,2013,Monday,3/28/2013,45,L,PRT,Portugal,Europe,Southern Europe,8875,Meat,Online,7932,$421.89,$364.69,"$3,346,431.48","$2,892,721.08","$453,710.40"
669353473,6/24/2014,June,2014,Tuesday,7/7/2014,13,C,BLR,Belarus,Europe,Eastern Europe,4594,Fruits,Online,5422,$9.33,$6.92,"$50,587.26","$37,520.24","$13,067.02"
669550883,7/30/2015,July,2015,Thursday,9/16/2015,48,H,BLR,Belarus,Europe,Eastern Europe,8293,Cosmetics,Offline,3840,$437.20,$263.33,"$1,678,848.00","$1,011,187.20","$667,660.80"
670274865,10/4/2012,October,2012,Thursday,11/13/2012,40,C,CHE,Switzerland,Europe,Western Europe,5988,Vegetables,Online,8082,$154.06,$90.93,"$1,245,112.92","$734,896.26","$510,216.66"
671616399,11/6/2012,November,2012,Tuesday,12/10/2012,34,C,MCO,Monaco,Europe,Western Europe,5988,Vegetables,Offline,5072,$154.06,$90.93,"$781,392.32","$461,196.96","$320,195.36"
672330081,10/31/2010,October,2010,Sunday,11/29/2010,29,L,BGR,Bulgaria,Europe,Eastern Europe,8681,Office Supplies,Online,6266,$651.21,$524.96,"$4,080,481.86","$3,289,399.36","$791,082.50"
672856652,6/27/2014,June,2014,Friday,8/3/2014,37,C,Unknow,Unknow,Unknow,Unknow,7940,Household,Online,2091,$668.27,$502.54,"$1,397,352.57","$1,050,811.14","$346,541.43"
674060428,12/15/2012,December,2012,Saturday,12/17/2012,2,L,BLR,Belarus,Europe,Eastern Europe,2103,Cereal,Online,8315,$205.70,$117.11,"$1,710,395.50","$973,769.65","$736,625.85"
677851569,2/22/2011,February,2011,Tuesday,3/2/2011,8,M,ITA,Italy,Europe,Southern Europe,7940,Household,Offline,198,$668.27,$502.54,"$132,317.46","$99,502.92","$32,814.54"
679039466,6/3/2012,June,2012,Sunday,7/5/2012,32,H,SWE,Sweden,Europe,Northern Europe,8293,Cosmetics,Offline,1723,$437.20,$263.33,"$753,295.60","$453,717.59","$299,578.01"
679108560,4/27/2014,April,2014,Sunday,6/11/2014,45,M,LIE,Liechtenstein,Europe,Western Europe,7940,Household,Online,2169,$668.27,$502.54,"$1,449,477.63","$1,090,009.26","$359,468.37"
680325210,6/21/2017,June,2017,Wednesday,7/23/2017,32,C,FIN,Finland,Europe,Northern Europe,5988,Vegetables,Online,2203,$154.06,$90.93,"$339,394.18","$200,318.79","$139,075.39"
681713092,3/8/2010,March,2010,Monday,3/22/2010,14,H,BLR,Belarus,Europe,Eastern Europe,1270,Beverages,Online,2908,$47.45,$31.79,"$137,984.60","$92,445.32","$45,539.28"
682066285,5/26/2013,May,2013,Sunday,7/13/2013,48,H,BEL,Belgium,Europe,Western Europe,5988,Vegetables,Online,7426,$154.06,$90.93,"$1,144,049.56","$675,246.18","$468,803.38"
682162415,1/16/2016,January,2016,Saturday,2/26/2016,41,C,ROU,Romania,Europe,Eastern Europe,8875,Meat,Offline,5873,$421.89,$364.69,"$2,477,759.97","$2,141,824.37","$335,935.60"
682314765,11/26/2015,November,2015,Thursday,12/20/2015,24,L,DEU,Germany,Europe,Western Europe,1270,Beverages,Offline,956,$47.45,$31.79,"$45,362.20","$30,391.24","$14,970.96"
684239947,8/24/2013,August,2013,Saturday,8/31/2013,7,L,SWE,Sweden,Europe,Northern Europe,8293,Cosmetics,Online,661,$437.20,$263.33,"$288,989.20","$174,061.13","$114,928.07"
684853637,2/15/2012,February,2012,Wednesday,4/3/2012,48,H,PRT,Portugal,Europe,Southern Europe,2455,Clothes,Offline,2265,$109.28,$35.84,"$247,519.20","$81,177.60","$166,341.60"
685233008,9/26/2011,September,2011,Monday,10/17/2011,21,C,POL,Poland,Europe,Eastern Europe,7331,Baby Food,Online,4529,$255.28,$159.42,"$1,156,163.12","$722,013.18","$434,149.94"
685596930,4/29/2016,April,2016,Friday,6/16/2016,48,L,MNE,Montenegro,Europe,Southern Europe,2455,Clothes,Online,2222,$109.28,$35.84,"$242,820.16","$79,636.48","$163,183.68"
687374913,1/10/2010,January,2010,Sunday,2/26/2010,47,M,GRC,Greece,Europe,Southern Europe,2103,Cereal,Online,8367,$205.70,$117.11,"$1,721,091.90","$979,859.37","$741,232.53"
688650786,6/23/2010,June,2010,Wednesday,8/7/2010,45,H,SWE,Sweden,Europe,Northern Europe,7940,Household,Offline,5926,$668.27,$502.54,"$3,960,168.02","$2,978,052.04","$982,115.98"
688698422,3/12/2017,March,2017,Sunday,4/1/2017,20,H,NLD,Netherlands,Europe,Western Europe,5988,Vegetables,Offline,22,$154.06,$90.93,"$3,389.32","$2,000.46","$1,388.86"
688903129,5/31/2017,May,2017,Wednesday,7/2/2017,32,M,BGR,Bulgaria,Europe,Eastern Europe,7940,Household,Online,600,$668.27,$502.54,"$400,962.00","$301,524.00","$99,438.00"
689349019,6/10/2013,June,2013,Monday,7/23/2013,43,H,HUN,Hungary,Europe,Eastern Europe,8293,Cosmetics,Offline,2548,$437.20,$263.33,"$1,113,985.60","$670,964.84","$443,020.76"
689421546,1/10/2010,January,2010,Sunday,1/31/2010,21,H,ITA,Italy,Europe,Southern Europe,2455,Clothes,Online,4011,$109.28,$35.84,"$438,322.08","$143,754.24","$294,567.84"
690220630,11/4/2016,November,2016,Friday,11/19/2016,15,C,NLD,Netherlands,Europe,Western Europe,7940,Household,Online,477,$668.27,$502.54,"$318,764.79","$239,711.58","$79,053.21"
691383635,2/10/2013,February,2013,Sunday,3/19/2013,37,M,SVN,Slovenia,Europe,Southern Europe,5988,Vegetables,Offline,4637,$154.06,$90.93,"$714,376.22","$421,642.41","$292,733.81"
691760861,12/27/2016,December,2016,Tuesday,1/28/2017,32,C,BLR,Belarus,Europe,Eastern Europe,2455,Clothes,Offline,6266,$109.28,$35.84,"$684,748.48","$224,573.44","$460,175.04"
692555224,1/9/2015,January,2015,Friday,2/1/2015,23,M,CZE,Czech Republic,Europe,Eastern Europe,8875,Meat,Online,1336,$421.89,$364.69,"$563,645.04","$487,225.84","$76,419.20"
692704999,12/23/2016,December,2016,Friday,1/24/2017,32,C,ITA,Italy,Europe,Southern Europe,7940,Household,Online,5657,$668.27,$502.54,"$3,780,403.39","$2,842,868.78","$937,534.61"
692757356,5/2/2017,May,2017,Tuesday,5/12/2017,10,H,DEU,Germany,Europe,Western Europe,8875,Meat,Offline,1151,$421.89,$364.69,"$485,595.39","$419,758.19","$65,837.20"
692952191,12/14/2012,December,2012,Friday,1/4/2013,21,M,GBR,United Kingdom,Europe,Northern Europe,8293,Cosmetics,Online,8807,$437.20,$263.33,"$3,850,420.40","$2,319,147.31","$1,531,273.09"
693210542,6/25/2012,June,2012,Monday,8/13/2012,49,L,ARM,Armenia,Asia,Western Asia,8875,Meat,Online,5259,$421.89,$364.69,"$2,218,719.51","$1,917,904.71","$300,814.80"
693583905,12/5/2011,December,2011,Monday,1/6/2012,32,M,CZE,Czech Republic,Europe,Eastern Europe,8875,Meat,Offline,5745,$421.89,$364.69,"$2,423,758.05","$2,095,144.05","$328,614.00"
693831098,6/23/2015,June,2015,Tuesday,7/14/2015,21,H,ROU,Romania,Europe,Eastern Europe,7331,Baby Food,Offline,8895,$255.28,$159.42,"$2,270,715.60","$1,418,040.90","$852,674.70"
694771802,3/16/2013,March,2013,Saturday,3/21/2013,5,H,NLD,Netherlands,Europe,Western Europe,7331,Baby Food,Offline,7270,$255.28,$159.42,"$1,855,885.60","$1,158,983.40","$696,902.20"
694914710,8/23/2010,August,2010,Monday,9/25/2010,33,C,ALB,Albania,Europe,Southern Europe,8293,Cosmetics,Offline,9560,$437.20,$263.33,"$4,179,632.00","$2,517,434.80","$1,662,197.20"
695059764,5/21/2011,May,2011,Saturday,6/29/2011,39,C,BEL,Belgium,Europe,Western Europe,8293,Cosmetics,Offline,2485,$437.20,$263.33,"$1,086,442.00","$654,375.05","$432,066.95"
696197879,3/19/2010,March,2010,Friday,3/26/2010,7,H,AND,Andorra,Europe,Southern Europe,2103,Cereal,Online,9278,$205.70,$117.11,"$1,908,484.60","$1,086,546.58","$821,938.02"
696839892,12/17/2015,December,2015,Thursday,1/2/2016,16,C,MKD,Macedonia,Europe,Southern Europe,8681,Office Supplies,Offline,9264,$651.21,$524.96,"$6,032,809.44","$4,863,229.44","$1,169,580.00"
696844613,3/3/2017,March,2017,Friday,3/22/2017,19,M,NOR,Norway,Europe,Northern Europe,8875,Meat,Online,661,$421.89,$364.69,"$278,869.29","$241,060.09","$37,809.20"
697617518,6/13/2012,June,2012,Wednesday,7/7/2012,24,M,Unknow,Unknow,Unknow,Unknow,8875,Meat,Offline,9381,$421.89,$364.69,"$3,957,750.09","$3,421,156.89","$536,593.20"
697638976,3/16/2015,March,2015,Monday,3/26/2015,10,L,SRB,Serbia,Europe,Southern Europe,5988,Vegetables,Offline,5731,$154.06,$90.93,"$882,917.86","$521,119.83","$361,798.03"
700069701,1/10/2016,January,2016,Sunday,1/21/2016,11,L,Unknow,Unknow,Unknow,Unknow,5988,Vegetables,Offline,5037,$154.06,$90.93,"$776,000.22","$458,014.41","$317,985.81"
700304019,11/23/2014,November,2014,Sunday,12/21/2014,28,M,SVN,Slovenia,Europe,Southern Europe,3127,Personal Care,Offline,4376,$81.73,$56.67,"$357,650.48","$247,987.92","$109,662.56"
701298367,12/8/2011,December,2011,Thursday,1/6/2012,29,M,GRC,Greece,Europe,Southern Europe,3127,Personal Care,Offline,8626,$81.73,$56.67,"$705,002.98","$488,835.42","$216,167.56"
702357947,1/5/2014,January,2014,Sunday,2/4/2014,30,L,IRL,Ireland,Europe,Northern Europe,3127,Personal Care,Offline,2179,$81.73,$56.67,"$178,089.67","$123,483.93","$54,605.74"
702815854,5/16/2010,May,2010,Sunday,6/6/2010,21,L,DNK,Denmark,Europe,Northern Europe,7940,Household,Online,7684,$668.27,$502.54,"$5,134,986.68","$3,861,517.36","$1,273,469.32"
703966844,11/18/2013,November,2013,Monday,11/30/2013,12,C,SRB,Serbia,Europe,Southern Europe,8969,Snacks,Offline,8288,$152.58,$97.44,"$1,264,583.04","$807,582.72","$457,000.32"
704139363,7/17/2017,July,2017,Monday,8/31/2017,45,M,MKD,Macedonia,Europe,Southern Europe,1270,Beverages,Offline,9340,$47.45,$31.79,"$443,183.00","$296,918.60","$146,264.40"
704233348,11/17/2016,November,2016,Thursday,11/26/2016,9,L,ITA,Italy,Europe,Southern Europe,4594,Fruits,Offline,7152,$9.33,$6.92,"$66,728.16","$49,491.84","$17,236.32"
704361665,1/30/2016,January,2016,Saturday,3/1/2016,31,C,SVK,Slovakia,Europe,Eastern Europe,7940,Household,Online,5124,$668.27,$502.54,"$3,424,215.48","$2,575,014.96","$849,200.52"
706176555,2/13/2015,February,2015,Friday,2/26/2015,13,C,ISL,Iceland,Europe,Northern Europe,5988,Vegetables,Offline,2190,$154.06,$90.93,"$337,391.40","$199,136.70","$138,254.70"
706301438,1/23/2012,January,2012,Monday,2/11/2012,19,M,GRC,Greece,Europe,Southern Europe,7940,Household,Offline,9146,$668.27,$502.54,"$6,111,997.42","$4,596,230.84","$1,515,766.58"
707661855,12/31/2016,December,2016,Saturday,1/26/2017,26,M,LUX,Luxembourg,Europe,Western Europe,4594,Fruits,Offline,1723,$9.33,$6.92,"$16,075.59","$11,923.16","$4,152.43"
707718932,12/30/2010,December,2010,Thursday,1/6/2011,7,M,MKD,Macedonia,Europe,Southern Europe,4594,Fruits,Online,8614,$9.33,$6.92,"$80,368.62","$59,608.88","$20,759.74"
708320605,9/18/2016,September,2016,Sunday,10/5/2016,17,L,SMR,San Marino,Europe,Southern Europe,4594,Fruits,Offline,6662,$9.33,$6.92,"$62,156.46","$46,101.04","$16,055.42"
709071195,6/18/2012,June,2012,Monday,8/2/2012,45,C,CYP,Cyprus,Asia,Western Asia,7940,Household,Online,8778,$668.27,$502.54,"$5,866,074.06","$4,411,296.12","$1,454,777.94"
709105527,4/29/2012,April,2012,Sunday,5/1/2012,2,C,NOR,Norway,Europe,Northern Europe,2455,Clothes,Online,8938,$109.28,$35.84,"$976,744.64","$320,337.92","$656,406.72"
709276759,1/12/2017,January,2017,Thursday,3/1/2017,48,L,ROU,Romania,Europe,Eastern Europe,2455,Clothes,Offline,9610,$109.28,$35.84,"$1,050,180.80","$344,422.40","$705,758.40"
712595832,3/24/2015,March,2015,Tuesday,3/28/2015,4,H,UKR,Ukraine,Europe,Eastern Europe,1270,Beverages,Online,1797,$47.45,$31.79,"$85,267.65","$57,126.63","$28,141.02"
713009965,11/15/2016,November,2016,Tuesday,12/16/2016,31,H,AND,Andorra,Europe,Southern Europe,7940,Household,Online,4348,$668.27,$502.54,"$2,905,637.96","$2,185,043.92","$720,594.04"
713357150,5/9/2012,May,2012,Wednesday,6/3/2012,25,H,DNK,Denmark,Europe,Northern Europe,2455,Clothes,Offline,7088,$109.28,$35.84,"$774,576.64","$254,033.92","$520,542.72"
714165675,1/8/2014,January,2014,Wednesday,2/2/2014,25,C,POL,Poland,Europe,Eastern Europe,1270,Beverages,Offline,6348,$47.45,$31.79,"$301,212.60","$201,802.92","$99,409.68"
715309798,1/6/2013,January,2013,Sunday,2/10/2013,35,M,ITA,Italy,Europe,Southern Europe,2103,Cereal,Online,4920,$205.70,$117.11,"$1,012,044.00","$576,181.20","$435,862.80"
715863835,1/7/2012,January,2012,Saturday,1/26/2012,19,C,SWE,Sweden,Europe,Northern Europe,5988,Vegetables,Online,8872,$154.06,$90.93,"$1,366,820.32","$806,730.96","$560,089.36"
716054379,3/4/2016,March,2016,Friday,3/26/2016,22,L,AND,Andorra,Europe,Southern Europe,4594,Fruits,Offline,5258,$9.33,$6.92,"$49,057.14","$36,385.36","$12,671.78"
716411006,1/27/2014,January,2014,Monday,2/17/2014,21,L,LVA,Latvia,Europe,Northern Europe,3127,Personal Care,Online,792,$81.73,$56.67,"$64,730.16","$44,882.64","$19,847.52"
717833220,3/22/2014,March,2014,Saturday,4/3/2014,12,C,SRB,Serbia,Europe,Southern Europe,5988,Vegetables,Offline,1657,$154.06,$90.93,"$255,277.42","$150,671.01","$104,606.41"
719293630,2/2/2011,February,2011,Wednesday,2/25/2011,23,M,NLD,Netherlands,Europe,Western Europe,8681,Office Supplies,Offline,3824,$651.21,$524.96,"$2,490,227.04","$2,007,447.04","$482,780.00"
719404351,12/21/2011,December,2011,Wednesday,1/10/2012,20,H,FIN,Finland,Europe,Northern Europe,8681,Office Supplies,Online,6589,$651.21,$524.96,"$4,290,822.69","$3,458,961.44","$831,861.25"
719730079,4/8/2012,April,2012,Sunday,5/6/2012,28,H,NLD,Netherlands,Europe,Western Europe,2455,Clothes,Offline,2979,$109.28,$35.84,"$325,545.12","$106,767.36","$218,777.76"
720229613,3/7/2015,March,2015,Saturday,3/11/2015,4,C,Unknow,Unknow,Unknow,Unknow,4594,Fruits,Online,803,$9.33,$6.92,"$7,491.99","$5,556.76","$1,935.23"
720878922,6/22/2012,June,2012,Friday,8/1/2012,40,H,LIE,Liechtenstein,Europe,Western Europe,7331,Baby Food,Online,2948,$255.28,$159.42,"$752,565.44","$469,970.16","$282,595.28"
720931279,10/30/2012,October,2012,Tuesday,11/18/2012,19,L,ISL,Iceland,Europe,Northern Europe,8969,Snacks,Offline,8441,$152.58,$97.44,"$1,287,927.78","$822,491.04","$465,436.74"
721318805,11/29/2015,November,2015,Sunday,12/9/2015,10,L,CHE,Switzerland,Europe,Western Europe,4594,Fruits,Offline,3118,$9.33,$6.92,"$29,090.94","$21,576.56","$7,514.38"
722233331,3/31/2017,March,2017,Friday,4/6/2017,6,H,ESP,Spain,Europe,Southern Europe,5988,Vegetables,Online,3747,$154.06,$90.93,"$577,262.82","$340,714.71","$236,548.11"
722248780,4/6/2012,April,2012,Friday,4/8/2012,2,H,CHE,Switzerland,Europe,Western Europe,8969,Snacks,Online,8319,$152.58,$97.44,"$1,269,313.02","$810,603.36","$458,709.66"
723893725,2/13/2013,February,2013,Wednesday,3/11/2013,26,C,BIH,Bosnia and Herzegovina,Europe,Southern Europe,7940,Household,Online,5095,$668.27,$502.54,"$3,404,835.65","$2,560,441.30","$844,394.35"
724085128,1/21/2014,January,2014,Tuesday,2/10/2014,20,M,GEO,Georgia,Asia,Western Asia,4594,Fruits,Offline,1735,$9.33,$6.92,"$16,187.55","$12,006.20","$4,181.35"
726223170,6/27/2015,June,2015,Saturday,7/31/2015,34,C,CHE,Switzerland,Europe,Western Europe,7331,Baby Food,Offline,4429,$255.28,$159.42,"$1,130,635.12","$706,071.18","$424,563.94"
727175891,7/19/2013,July,2013,Friday,9/7/2013,50,H,ITA,Italy,Europe,Southern Europe,8875,Meat,Offline,6360,$421.89,$364.69,"$2,683,220.40","$2,319,428.40","$363,792.00"
727426946,12/15/2013,December,2013,Sunday,2/3/2014,50,L,AND,Andorra,Europe,Southern Europe,5988,Vegetables,Offline,653,$154.06,$90.93,"$100,601.18","$59,377.29","$41,223.89"
727821767,2/26/2016,February,2016,Friday,3/16/2016,19,L,AND,Andorra,Europe,Southern Europe,8293,Cosmetics,Online,7489,$437.20,$263.33,"$3,274,190.80","$1,972,078.37","$1,302,112.43"
727997720,7/2/2014,July,2014,Wednesday,7/19/2014,17,C,CYP,Cyprus,Asia,Western Asia,5988,Vegetables,Offline,9558,$154.06,$90.93,"$1,472,505.48","$869,108.94","$603,396.54"
728793370,6/27/2011,June,2011,Monday,8/12/2011,46,L,ALB,Albania,Europe,Southern Europe,8293,Cosmetics,Offline,5009,$437.20,$263.33,"$2,189,934.80","$1,319,019.97","$870,914.83"
729373586,6/15/2014,June,2014,Sunday,7/5/2014,20,C,IRL,Ireland,Europe,Northern Europe,8681,Office Supplies,Offline,6707,$651.21,$524.96,"$4,367,665.47","$3,520,906.72","$846,758.75"
730490243,7/12/2010,July,2010,Monday,7/14/2010,2,H,LIE,Liechtenstein,Europe,Western Europe,8875,Meat,Online,7151,$421.89,$364.69,"$3,016,935.39","$2,607,898.19","$409,037.20"
732703387,1/9/2014,January,2014,Thursday,1/28/2014,19,H,LTU,Lithuania,Europe,Northern Europe,1270,Beverages,Online,2069,$47.45,$31.79,"$98,174.05","$65,773.51","$32,400.54"
733636796,8/20/2012,August,2012,Monday,9/15/2012,26,M,UKR,Ukraine,Europe,Eastern Europe,8875,Meat,Online,8286,$421.89,$364.69,"$3,495,780.54","$3,021,821.34","$473,959.20"
733648812,12/18/2012,December,2012,Tuesday,12/24/2012,6,M,LUX,Luxembourg,Europe,Western Europe,2103,Cereal,Online,1842,$205.70,$117.11,"$378,899.40","$215,716.62","$163,182.78"
734189975,11/10/2014,November,2014,Monday,11/29/2014,19,H,DEU,Germany,Europe,Western Europe,2103,Cereal,Online,1984,$205.70,$117.11,"$408,108.80","$232,346.24","$175,762.56"
734318292,1/21/2014,January,2014,Tuesday,3/4/2014,42,M,PRT,Portugal,Europe,Southern Europe,8681,Office Supplies,Online,9956,$651.21,$524.96,"$6,483,446.76","$5,226,501.76","$1,256,945.00"
735445678,7/5/2011,July,2011,Tuesday,7/22/2011,17,H,POL,Poland,Europe,Eastern Europe,1270,Beverages,Offline,3574,$47.45,$31.79,"$169,586.30","$113,617.46","$55,968.84"
736240041,2/11/2017,February,2017,Saturday,2/20/2017,9,L,SVN,Slovenia,Europe,Southern Europe,7940,Household,Offline,8644,$668.27,$502.54,"$5,776,525.88","$4,343,955.76","$1,432,570.12"
737095344,7/31/2013,July,2013,Wednesday,9/13/2013,44,L,ARM,Armenia,Asia,Western Asia,8969,Snacks,Offline,1747,$152.58,$97.44,"$266,557.26","$170,227.68","$96,329.58"
737736070,10/19/2012,October,2012,Friday,11/3/2012,15,L,SWE,Sweden,Europe,Northern Europe,2103,Cereal,Offline,1352,$205.70,$117.11,"$278,106.40","$158,332.72","$119,773.68"
740300261,3/17/2016,March,2016,Thursday,4/23/2016,37,M,CYP,Cyprus,Asia,Western Asia,7331,Baby Food,Online,153,$255.28,$159.42,"$39,057.84","$24,391.26","$14,666.58"
741690289,3/23/2012,March,2012,Friday,5/10/2012,48,C,ROU,Romania,Europe,Eastern Europe,8875,Meat,Offline,1494,$421.89,$364.69,"$630,303.66","$544,846.86","$85,456.80"
741866242,7/28/2010,July,2010,Wednesday,9/13/2010,47,H,UKR,Ukraine,Europe,Eastern Europe,7940,Household,Online,3562,$668.27,$502.54,"$2,380,377.74","$1,790,047.48","$590,330.26"
741964948,2/13/2011,February,2011,Sunday,2/26/2011,13,C,UKR,Ukraine,Europe,Eastern Europe,2103,Cereal,Offline,2771,$205.70,$117.11,"$569,994.70","$324,511.81","$245,482.89"
742100560,1/4/2017,January,2017,Wednesday,1/17/2017,13,C,SMR,San Marino,Europe,Southern Europe,8969,Snacks,Offline,2902,$152.58,$97.44,"$442,787.16","$282,770.88","$160,016.28"
742569196,9/30/2014,September,2014,Tuesday,11/17/2014,48,M,LUX,Luxembourg,Europe,Western Europe,5988,Vegetables,Online,1581,$154.06,$90.93,"$243,568.86","$143,760.33","$99,808.53"
742843854,8/22/2013,August,2013,Thursday,9/4/2013,13,M,POL,Poland,Europe,Eastern Europe,1270,Beverages,Online,2859,$47.45,$31.79,"$135,659.55","$90,887.61","$44,771.94"
743619334,5/27/2014,May,2014,Tuesday,7/9/2014,43,L,HUN,Hungary,Europe,Eastern Europe,8293,Cosmetics,Offline,2341,$437.20,$263.33,"$1,023,485.20","$616,455.53","$407,029.67"
743769109,5/10/2016,May,2016,Tuesday,5/11/2016,1,M,MLT,Malta,Europe,Southern Europe,5988,Vegetables,Online,6662,$154.06,$90.93,"$1,026,347.72","$605,775.66","$420,572.06"
744583642,8/14/2010,August,2010,Saturday,9/26/2010,43,H,ESP,Spain,Europe,Southern Europe,2455,Clothes,Online,7701,$109.28,$35.84,"$841,565.28","$276,003.84","$565,561.44"
744683635,2/13/2010,February,2010,Saturday,4/1/2010,47,L,LUX,Luxembourg,Europe,Western Europe,5988,Vegetables,Offline,7291,$154.06,$90.93,"$1,123,251.46","$662,970.63","$460,280.83"
745467269,5/8/2014,May,2014,Thursday,6/23/2014,46,M,RUS,Russia,Europe,Eastern Europe,2455,Clothes,Offline,9186,$109.28,$35.84,"$1,003,846.08","$329,226.24","$674,619.84"
746563756,3/14/2014,March,2014,Friday,4/12/2014,29,C,NOR,Norway,Europe,Northern Europe,8293,Cosmetics,Offline,3661,$437.20,$263.33,"$1,600,589.20","$964,051.13","$636,538.07"
747327220,8/18/2014,August,2014,Monday,9/15/2014,28,H,ROU,Romania,Europe,Eastern Europe,8969,Snacks,Online,9587,$152.58,$97.44,"$1,462,784.46","$934,157.28","$528,627.18"
747774398,3/8/2017,March,2017,Wednesday,4/3/2017,26,M,NLD,Netherlands,Europe,Western Europe,8875,Meat,Offline,1916,$421.89,$364.69,"$808,341.24","$698,746.04","$109,595.20"
747826755,7/17/2017,July,2017,Monday,7/22/2017,5,C,MKD,Macedonia,Europe,Southern Europe,8681,Office Supplies,Offline,7410,$651.21,$524.96,"$4,825,466.10","$3,889,953.60","$935,512.50"
747955071,9/27/2016,September,2016,Tuesday,10/25/2016,28,H,UKR,Ukraine,Europe,Eastern Europe,2455,Clothes,Offline,5382,$109.28,$35.84,"$588,144.96","$192,890.88","$395,254.08"
748357188,6/26/2010,June,2010,Saturday,7/20/2010,24,C,ITA,Italy,Europe,Southern Europe,7331,Baby Food,Offline,4377,$255.28,$159.42,"$1,117,360.56","$697,781.34","$419,579.22"
750047194,7/31/2012,July,2012,Tuesday,9/18/2012,49,M,AUT,Austria,Europe,Western Europe,4594,Fruits,Online,4487,$9.33,$6.92,"$41,863.71","$31,050.04","$10,813.67"
750439441,11/15/2016,November,2016,Tuesday,12/29/2016,44,H,NOR,Norway,Europe,Northern Europe,8969,Snacks,Online,562,$152.58,$97.44,"$85,749.96","$54,761.28","$30,988.68"
750959146,1/5/2016,January,2016,Tuesday,1/25/2016,20,M,MNE,Montenegro,Europe,Southern Europe,7331,Baby Food,Online,4354,$255.28,$159.42,"$1,111,489.12","$694,114.68","$417,374.44"
752792918,4/29/2012,April,2012,Sunday,5/12/2012,13,M,NOR,Norway,Europe,Northern Europe,4594,Fruits,Offline,7008,$9.33,$6.92,"$65,384.64","$48,495.36","$16,889.28"
753166282,10/9/2011,October,2011,Sunday,11/25/2011,47,H,ESP,Spain,Europe,Southern Europe,4594,Fruits,Online,7495,$9.33,$6.92,"$69,928.35","$51,865.40","$18,062.95"
754227149,10/20/2012,October,2012,Saturday,11/24/2012,35,H,MCO,Monaco,Europe,Western Europe,8681,Office Supplies,Online,1429,$651.21,$524.96,"$930,579.09","$750,167.84","$180,411.25"
754541289,12/12/2014,December,2014,Friday,12/19/2014,7,L,AND,Andorra,Europe,Southern Europe,3127,Personal Care,Offline,4390,$81.73,$56.67,"$358,794.70","$248,781.30","$110,013.40"
755318915,6/10/2011,June,2011,Friday,6/25/2011,15,H,ITA,Italy,Europe,Southern Europe,2455,Clothes,Online,4507,$109.28,$35.84,"$492,524.96","$161,530.88","$330,994.08"
755605590,8/31/2010,August,2010,Tuesday,9/11/2010,11,M,CZE,Czech Republic,Europe,Eastern Europe,8969,Snacks,Online,9340,$152.58,$97.44,"$1,425,097.20","$910,089.60","$515,007.60"
756252324,1/18/2010,January,2010,Monday,2/9/2010,22,L,SVN,Slovenia,Europe,Southern Europe,4594,Fruits,Online,723,$9.33,$6.92,"$6,745.59","$5,003.16","$1,742.43"
756395232,1/22/2015,January,2015,Thursday,3/13/2015,50,H,CZE,Czech Republic,Europe,Eastern Europe,8875,Meat,Online,3013,$421.89,$364.69,"$1,271,154.57","$1,098,810.97","$172,343.60"
757468974,3/14/2013,March,2013,Thursday,3/23/2013,9,H,MCO,Monaco,Europe,Western Europe,1270,Beverages,Online,757,$47.45,$31.79,"$35,919.65","$24,065.03","$11,854.62"
759086453,2/21/2011,February,2011,Monday,2/27/2011,6,L,CZE,Czech Republic,Europe,Eastern Europe,7940,Household,Online,9405,$668.27,$502.54,"$6,285,079.35","$4,726,388.70","$1,558,690.65"
759594142,7/10/2017,July,2017,Monday,7/12/2017,2,C,MKD,Macedonia,Europe,Southern Europe,5988,Vegetables,Offline,9641,$154.06,$90.93,"$1,485,292.46","$876,656.13","$608,636.33"
760280358,8/1/2012,August,2012,Wednesday,8/21/2012,20,M,Unknow,Unknow,Unknow,Unknow,8681,Office Supplies,Offline,2708,$651.21,$524.96,"$1,763,476.68","$1,421,591.68","$341,885.00"
760346877,7/29/2016,July,2016,Friday,8/6/2016,8,M,POL,Poland,Europe,Eastern Europe,7940,Household,Online,2392,$668.27,$502.54,"$1,598,501.84","$1,202,075.68","$396,426.16"
760619390,3/2/2012,March,2012,Friday,4/16/2012,45,C,BIH,Bosnia and Herzegovina,Europe,Southern Europe,5988,Vegetables,Online,3035,$154.06,$90.93,"$467,572.10","$275,972.55","$191,599.55"
761724030,6/26/2015,June,2015,Friday,8/13/2015,48,H,Unknow,Unknow,Unknow,Unknow,1270,Beverages,Online,9923,$47.45,$31.79,"$470,846.35","$315,452.17","$155,394.18"
761887109,9/20/2016,September,2016,Tuesday,10/14/2016,24,M,BEL,Belgium,Europe,Western Europe,2455,Clothes,Offline,8181,$109.28,$35.84,"$894,019.68","$293,207.04","$600,812.64"
762117564,2/26/2011,February,2011,Saturday,3/28/2011,30,M,UKR,Ukraine,Europe,Eastern Europe,3127,Personal Care,Online,6378,$81.73,$56.67,"$521,273.94","$361,441.26","$159,832.68"
762655293,10/16/2010,October,2010,Saturday,11/11/2010,26,H,FRA,France,Europe,Western Europe,3127,Personal Care,Online,5504,$81.73,$56.67,"$449,841.92","$311,911.68","$137,930.24"
764483058,7/6/2014,July,2014,Sunday,8/5/2014,30,C,LTU,Lithuania,Europe,Northern Europe,8875,Meat,Offline,6380,$421.89,$364.69,"$2,691,658.20","$2,326,722.20","$364,936.00"
764592492,6/9/2016,June,2016,Thursday,7/19/2016,40,M,ITA,Italy,Europe,Southern Europe,8681,Office Supplies,Offline,8764,$651.21,$524.96,"$5,707,204.44","$4,600,749.44","$1,106,455.00"
764811360,9/19/2012,September,2012,Wednesday,9/30/2012,11,C,FRA,France,Europe,Western Europe,2103,Cereal,Online,3532,$205.70,$117.11,"$726,532.40","$413,632.52","$312,899.88"
764837539,9/6/2016,September,2016,Tuesday,9/6/2016,0,L,DNK,Denmark,Europe,Northern Europe,7331,Baby Food,Online,1279,$255.28,$159.42,"$326,503.12","$203,898.18","$122,604.94"
765101468,3/14/2014,March,2014,Friday,4/6/2014,23,H,LVA,Latvia,Europe,Northern Europe,8293,Cosmetics,Online,9382,$437.20,$263.33,"$4,101,810.40","$2,470,562.06","$1,631,248.34"
765552079,6/10/2011,June,2011,Friday,7/17/2011,37,M,SVK,Slovakia,Europe,Eastern Europe,8969,Snacks,Offline,2727,$152.58,$97.44,"$416,085.66","$265,718.88","$150,366.78"
765734040,7/10/2017,July,2017,Monday,8/4/2017,25,L,SMR,San Marino,Europe,Southern Europe,4594,Fruits,Online,6574,$9.33,$6.92,"$61,335.42","$45,492.08","$15,843.34"
765858924,6/19/2014,June,2014,Thursday,7/21/2014,32,H,ROU,Romania,Europe,Eastern Europe,7940,Household,Offline,3530,$668.27,$502.54,"$2,358,993.10","$1,773,966.20","$585,026.90"
766118133,10/9/2010,October,2010,Saturday,10/10/2010,1,C,SWE,Sweden,Europe,Northern Europe,7940,Household,Offline,235,$668.27,$502.54,"$157,043.45","$118,096.90","$38,946.55"
767490565,1/16/2016,January,2016,Saturday,2/23/2016,38,H,NLD,Netherlands,Europe,Western Europe,2455,Clothes,Online,6368,$109.28,$35.84,"$695,895.04","$228,229.12","$467,665.92"
768230426,5/31/2010,May,2010,Monday,6/22/2010,22,C,BGR,Bulgaria,Europe,Eastern Europe,8969,Snacks,Online,5310,$152.58,$97.44,"$810,199.80","$517,406.40","$292,793.40"
768676316,1/6/2014,January,2014,Monday,2/8/2014,33,L,HUN,Hungary,Europe,Eastern Europe,5988,Vegetables,Offline,7259,$154.06,$90.93,"$1,118,321.54","$660,060.87","$458,260.67"
770821654,7/26/2014,July,2014,Saturday,8/19/2014,24,C,Unknow,Unknow,Unknow,Unknow,8681,Office Supplies,Offline,2112,$651.21,$524.96,"$1,375,355.52","$1,108,715.52","$266,640.00"
771674382,2/14/2013,February,2013,Thursday,3/21/2013,35,L,FIN,Finland,Europe,Northern Europe,5988,Vegetables,Offline,4453,$154.06,$90.93,"$686,029.18","$404,911.29","$281,117.89"
772643411,7/19/2010,July,2010,Monday,8/25/2010,37,L,SWE,Sweden,Europe,Northern Europe,2103,Cereal,Online,1210,$205.70,$117.11,"$248,897.00","$141,703.10","$107,193.90"
772893178,1/2/2012,January,2012,Monday,1/2/2012,0,L,SMR,San Marino,Europe,Southern Europe,1270,Beverages,Offline,5122,$47.45,$31.79,"$243,038.90","$162,828.38","$80,210.52"
773645913,1/22/2011,January,2011,Saturday,1/28/2011,6,H,UKR,Ukraine,Europe,Eastern Europe,8293,Cosmetics,Online,7873,$437.20,$263.33,"$3,442,075.60","$2,073,197.09","$1,368,878.51"
774698626,3/12/2016,March,2016,Saturday,4/7/2016,26,L,BGR,Bulgaria,Europe,Eastern Europe,4594,Fruits,Online,9394,$9.33,$6.92,"$87,646.02","$65,006.48","$22,639.54"
774926936,11/24/2014,November,2014,Monday,11/27/2014,3,M,CZE,Czech Republic,Europe,Eastern Europe,4594,Fruits,Offline,6956,$9.33,$6.92,"$64,899.48","$48,135.52","$16,763.96"
775008904,11/26/2013,November,2013,Tuesday,1/2/2014,37,M,LIE,Liechtenstein,Europe,Western Europe,7331,Baby Food,Online,1212,$255.28,$159.42,"$309,399.36","$193,217.04","$116,182.32"
775347936,6/27/2013,June,2013,Thursday,7/8/2013,11,C,HRV,Croatia,Europe,Southern Europe,7331,Baby Food,Offline,1539,$255.28,$159.42,"$392,875.92","$245,347.38","$147,528.54"
775849616,2/17/2012,February,2012,Friday,3/5/2012,17,C,PRT,Portugal,Europe,Southern Europe,8681,Office Supplies,Offline,9997,$651.21,$524.96,"$6,510,146.37","$5,248,025.12","$1,262,121.25"
777018630,2/19/2016,February,2016,Friday,3/19/2016,29,L,POL,Poland,Europe,Eastern Europe,5988,Vegetables,Online,5935,$154.06,$90.93,"$914,346.10","$539,669.55","$374,676.55"
780590045,9/10/2013,September,2013,Tuesday,10/3/2013,23,H,BGR,Bulgaria,Europe,Eastern Europe,8875,Meat,Offline,2796,$421.89,$364.69,"$1,179,604.44","$1,019,673.24","$159,931.20"
780899035,6/13/2012,June,2012,Wednesday,7/30/2012,47,H,SVK,Slovakia,Europe,Eastern Europe,8293,Cosmetics,Offline,4233,$437.20,$263.33,"$1,850,667.60","$1,114,675.89","$735,991.71"
781083571,6/9/2016,June,2016,Thursday,6/18/2016,9,C,HRV,Croatia,Europe,Southern Europe,2455,Clothes,Online,8841,$109.28,$35.84,"$966,144.48","$316,861.44","$649,283.04"
781416594,11/9/2015,November,2015,Monday,12/23/2015,44,M,ARM,Armenia,Asia,Western Asia,8875,Meat,Offline,7390,$421.89,$364.69,"$3,117,767.10","$2,695,059.10","$422,708.00"
783116900,2/26/2017,February,2017,Sunday,3/14/2017,16,L,GBR,United Kingdom,Europe,Northern Europe,2455,Clothes,Online,548,$109.28,$35.84,"$59,885.44","$19,640.32","$40,245.12"
783594977,4/25/2017,April,2017,Tuesday,5/1/2017,6,H,UKR,Ukraine,Europe,Eastern Europe,8875,Meat,Offline,2022,$421.89,$364.69,"$853,061.58","$737,403.18","$115,658.40"
783913838,2/5/2013,February,2013,Tuesday,3/9/2013,32,H,Unknow,Unknow,Unknow,Unknow,8969,Snacks,Online,6380,$152.58,$97.44,"$973,460.40","$621,667.20","$351,793.20"
784397923,6/3/2013,June,2013,Monday,6/15/2013,12,C,DNK,Denmark,Europe,Northern Europe,8969,Snacks,Offline,9631,$152.58,$97.44,"$1,469,497.98","$938,444.64","$531,053.34"
785364806,2/12/2015,February,2015,Thursday,3/21/2015,37,M,BLR,Belarus,Europe,Eastern Europe,7940,Household,Offline,5754,$668.27,$502.54,"$3,845,225.58","$2,891,615.16","$953,610.42"
786318385,7/11/2017,July,2017,Tuesday,8/23/2017,43,M,NLD,Netherlands,Europe,Western Europe,1270,Beverages,Offline,7939,$47.45,$31.79,"$376,705.55","$252,380.81","$124,324.74"
789484250,7/5/2011,July,2011,Tuesday,7/30/2011,25,M,CZE,Czech Republic,Europe,Eastern Europe,8969,Snacks,Online,4789,$152.58,$97.44,"$730,705.62","$466,640.16","$264,065.46"
789760196,12/6/2016,December,2016,Tuesday,1/2/2017,27,C,ARM,Armenia,Asia,Western Asia,3127,Personal Care,Online,6447,$81.73,$56.67,"$526,913.31","$365,351.49","$161,561.82"
790149009,5/23/2011,May,2011,Monday,5/29/2011,6,C,EST,Estonia,Europe,Northern Europe,8293,Cosmetics,Online,1505,$437.20,$263.33,"$657,986.00","$396,311.65","$261,674.35"
791692674,10/17/2013,October,2013,Thursday,11/24/2013,38,L,BEL,Belgium,Europe,Western Europe,4594,Fruits,Online,8310,$9.33,$6.92,"$77,532.30","$57,505.20","$20,027.10"
791890084,11/22/2014,November,2014,Saturday,12/15/2014,23,H,BEL,Belgium,Europe,Western Europe,2103,Cereal,Offline,6728,$205.70,$117.11,"$1,383,949.60","$787,916.08","$596,033.52"
792178905,6/3/2017,June,2017,Saturday,7/21/2017,48,L,MCO,Monaco,Europe,Western Europe,2103,Cereal,Online,2197,$205.70,$117.11,"$451,922.90","$257,290.67","$194,632.23"
792792594,11/25/2015,November,2015,Wednesday,1/2/2016,38,M,Unknow,Unknow,Unknow,Unknow,7940,Household,Offline,3801,$668.27,$502.54,"$2,540,094.27","$1,910,154.54","$629,939.73"
795141351,2/20/2010,February,2010,Saturday,2/24/2010,4,H,GRC,Greece,Europe,Southern Europe,1270,Beverages,Offline,8850,$47.45,$31.79,"$419,932.50","$281,341.50","$138,591.00"
796418511,2/12/2017,February,2017,Sunday,3/23/2017,39,L,MKD,Macedonia,Europe,Southern Europe,8875,Meat,Online,6791,$421.89,$364.69,"$2,865,054.99","$2,476,609.79","$388,445.20"
797202146,10/10/2013,October,2013,Thursday,11/17/2013,38,M,RUS,Russia,Europe,Eastern Europe,1270,Beverages,Online,8685,$47.45,$31.79,"$412,103.25","$276,096.15","$136,007.10"
797316300,11/29/2016,November,2016,Tuesday,11/29/2016,0,H,SRB,Serbia,Europe,Southern Europe,1270,Beverages,Offline,2466,$47.45,$31.79,"$117,011.70","$78,394.14","$38,617.56"
797461354,1/30/2010,January,2010,Saturday,2/5/2010,6,H,CHE,Switzerland,Europe,Western Europe,1270,Beverages,Online,5391,$47.45,$31.79,"$255,802.95","$171,379.89","$84,423.06"
797718417,8/28/2010,August,2010,Saturday,10/15/2010,48,L,FRA,France,Europe,Western Europe,2103,Cereal,Offline,1462,$205.70,$117.11,"$300,733.40","$171,214.82","$129,518.58"
797788369,11/27/2016,November,2016,Sunday,11/28/2016,1,L,Unknow,Unknow,Unknow,Unknow,8681,Office Supplies,Online,2162,$651.21,$524.96,"$1,407,916.02","$1,134,963.52","$272,952.50"
799109733,3/14/2013,March,2013,Thursday,4/29/2013,46,C,MKD,Macedonia,Europe,Southern Europe,2455,Clothes,Online,3183,$109.28,$35.84,"$347,838.24","$114,078.72","$233,759.52"
799848306,3/11/2016,March,2016,Friday,4/23/2016,43,C,GRC,Greece,Europe,Southern Europe,7940,Household,Offline,1743,$668.27,$502.54,"$1,164,794.61","$875,927.22","$288,867.39"
800045716,4/16/2017,April,2017,Sunday,5/14/2017,28,M,GRC,Greece,Europe,Southern Europe,3127,Personal Care,Online,161,$81.73,$56.67,"$13,158.53","$9,123.87","$4,034.66"
800352561,9/28/2012,September,2012,Friday,10/21/2012,23,H,FIN,Finland,Europe,Northern Europe,5988,Vegetables,Online,963,$154.06,$90.93,"$148,359.78","$87,565.59","$60,794.19"
801352488,5/6/2015,May,2015,Wednesday,5/23/2015,17,M,GBR,United Kingdom,Europe,Northern Europe,8293,Cosmetics,Offline,6864,$437.20,$263.33,"$3,000,940.80","$1,807,497.12","$1,193,443.68"
801925837,10/17/2013,October,2013,Thursday,10/26/2013,9,C,LIE,Liechtenstein,Europe,Western Europe,5988,Vegetables,Offline,6531,$154.06,$90.93,"$1,006,165.86","$593,863.83","$412,302.03"
805095136,1/13/2010,January,2010,Wednesday,1/20/2010,7,L,Unknow,Unknow,Unknow,Unknow,5988,Vegetables,Online,4396,$154.06,$90.93,"$677,247.76","$399,728.28","$277,519.48"
805974042,7/22/2012,July,2012,Sunday,7/28/2012,6,M,DNK,Denmark,Europe,Northern Europe,8293,Cosmetics,Offline,4484,$437.20,$263.33,"$1,960,404.80","$1,180,771.72","$779,633.08"
806197631,1/18/2010,January,2010,Monday,2/18/2010,31,M,CYP,Cyprus,Asia,Western Asia,7331,Baby Food,Online,649,$255.28,$159.42,"$165,676.72","$103,463.58","$62,213.14"
806662404,12/4/2010,December,2010,Saturday,12/7/2010,3,H,ESP,Spain,Europe,Southern Europe,2103,Cereal,Offline,8186,$205.70,$117.11,"$1,683,860.20","$958,662.46","$725,197.74"
810752236,3/28/2016,March,2016,Monday,5/4/2016,37,L,Unknow,Unknow,Unknow,Unknow,5988,Vegetables,Online,8458,$154.06,$90.93,"$1,303,039.48","$769,085.94","$533,953.54"
811977040,4/15/2015,April,2015,Wednesday,5/28/2015,43,M,CHE,Switzerland,Europe,Western Europe,8293,Cosmetics,Online,905,$437.20,$263.33,"$395,666.00","$238,313.65","$157,352.35"
812632358,9/29/2012,September,2012,Saturday,10/17/2012,18,C,ROU,Romania,Europe,Eastern Europe,2103,Cereal,Offline,4828,$205.70,$117.11,"$993,119.60","$565,407.08","$427,712.52"
812637078,12/15/2013,December,2013,Sunday,1/5/2014,21,M,SVN,Slovenia,Europe,Southern Europe,4594,Fruits,Offline,6225,$9.33,$6.92,"$58,079.25","$43,077.00","$15,002.25"
813973891,11/1/2012,November,2012,Thursday,11/13/2012,12,C,Unknow,Unknow,Unknow,Unknow,8293,Cosmetics,Offline,1818,$437.20,$263.33,"$794,829.60","$478,733.94","$316,095.66"
815755307,5/13/2016,May,2016,Friday,6/9/2016,27,L,Unknow,Unknow,Unknow,Unknow,8875,Meat,Offline,8978,$421.89,$364.69,"$3,787,728.42","$3,274,186.82","$513,541.60"
815917098,1/28/2011,January,2011,Friday,2/13/2011,16,M,IRL,Ireland,Europe,Northern Europe,8293,Cosmetics,Online,6856,$437.20,$263.33,"$2,997,443.20","$1,805,390.48","$1,192,052.72"
817006289,10/22/2011,October,2011,Saturday,11/14/2011,23,H,ESP,Spain,Europe,Southern Europe,4594,Fruits,Online,9172,$9.33,$6.92,"$85,574.76","$63,470.24","$22,104.52"
817061221,1/26/2010,January,2010,Tuesday,2/21/2010,26,C,BGR,Bulgaria,Europe,Eastern Europe,5988,Vegetables,Offline,5427,$154.06,$90.93,"$836,083.62","$493,477.11","$342,606.51"
818976962,12/18/2012,December,2012,Tuesday,12/21/2012,3,C,Unknow,Unknow,Unknow,Unknow,5988,Vegetables,Offline,2337,$154.06,$90.93,"$360,038.22","$212,503.41","$147,534.81"
819037473,10/15/2016,October,2016,Saturday,10/15/2016,0,L,CHE,Switzerland,Europe,Western Europe,5988,Vegetables,Online,244,$154.06,$90.93,"$37,590.64","$22,186.92","$15,403.72"
819152915,4/23/2011,April,2011,Saturday,4/24/2011,1,H,MNE,Montenegro,Europe,Southern Europe,8681,Office Supplies,Offline,4406,$651.21,$524.96,"$2,869,231.26","$2,312,973.76","$556,257.50"
819516837,11/26/2015,November,2015,Thursday,12/25/2015,29,C,MLT,Malta,Europe,Southern Europe,8293,Cosmetics,Offline,2098,$437.20,$263.33,"$917,245.60","$552,466.34","$364,779.26"
820195758,11/5/2011,November,2011,Saturday,11/24/2011,19,L,Unknow,Unknow,Unknow,Unknow,8969,Snacks,Offline,3006,$152.58,$97.44,"$458,655.48","$292,904.64","$165,750.84"
820437371,5/28/2017,May,2017,Sunday,6/11/2017,14,H,DEU,Germany,Europe,Western Europe,8875,Meat,Online,4505,$421.89,$364.69,"$1,900,614.45","$1,642,928.45","$257,686.00"
821131742,12/9/2015,December,2015,Wednesday,12/9/2015,0,H,SMR,San Marino,Europe,Southern Europe,7940,Household,Offline,9985,$668.27,$502.54,"$6,672,675.95","$5,017,861.90","$1,654,814.05"
821916663,7/20/2011,July,2011,Wednesday,8/26/2011,37,L,NOR,Norway,Europe,Northern Europe,8293,Cosmetics,Online,2260,$437.20,$263.33,"$988,072.00","$595,125.80","$392,946.20"
823236739,6/17/2016,June,2016,Friday,8/1/2016,45,M,MKD,Macedonia,Europe,Southern Europe,8681,Office Supplies,Online,2900,$651.21,$524.96,"$1,888,509.00","$1,522,384.00","$366,125.00"
823505389,3/11/2015,March,2015,Wednesday,3/30/2015,19,H,UKR,Ukraine,Europe,Eastern Europe,2455,Clothes,Online,2400,$109.28,$35.84,"$262,272.00","$86,016.00","$176,256.00"
825065791,7/24/2011,July,2011,Sunday,8/28/2011,35,C,LVA,Latvia,Europe,Northern Europe,8875,Meat,Offline,4157,$421.89,$364.69,"$1,753,796.73","$1,516,016.33","$237,780.40"
826677262,11/28/2016,November,2016,Monday,1/9/2017,42,M,EST,Estonia,Europe,Northern Europe,1270,Beverages,Online,1027,$47.45,$31.79,"$48,731.15","$32,648.33","$16,082.82"
826936471,3/20/2013,March,2013,Wednesday,3/30/2013,10,H,ISL,Iceland,Europe,Northern Europe,7331,Baby Food,Online,7733,$255.28,$159.42,"$1,974,080.24","$1,232,794.86","$741,285.38"
826968657,5/6/2017,May,2017,Saturday,6/15/2017,40,H,BGR,Bulgaria,Europe,Eastern Europe,8293,Cosmetics,Offline,7258,$437.20,$263.33,"$3,173,197.60","$1,911,249.14","$1,261,948.46"
828993833,8/5/2014,August,2014,Tuesday,9/2/2014,28,M,ISL,Iceland,Europe,Northern Europe,7331,Baby Food,Offline,6552,$255.28,$159.42,"$1,672,594.56","$1,044,519.84","$628,074.72"
829356467,8/29/2012,August,2012,Wednesday,9/16/2012,18,L,MNE,Montenegro,Europe,Southern Europe,7940,Household,Online,3864,$668.27,$502.54,"$2,582,195.28","$1,941,814.56","$640,380.72"
830172288,6/13/2013,June,2013,Thursday,7/29/2013,46,H,Unknow,Unknow,Unknow,Unknow,8293,Cosmetics,Online,5283,$437.20,$263.33,"$2,309,727.60","$1,391,172.39","$918,555.21"
831143891,5/9/2016,May,2016,Monday,6/1/2016,23,M,MLT,Malta,Europe,Southern Europe,4594,Fruits,Online,2802,$9.33,$6.92,"$26,142.66","$19,389.84","$6,752.82"
832057130,3/2/2011,March,2011,Wednesday,4/2/2011,31,C,ESP,Spain,Europe,Southern Europe,8293,Cosmetics,Online,3050,$437.20,$263.33,"$1,333,460.00","$803,156.50","$530,303.50"
833473765,4/28/2013,April,2013,Sunday,5/25/2013,27,H,ALB,Albania,Europe,Southern Europe,1270,Beverages,Offline,2264,$47.45,$31.79,"$107,426.80","$71,972.56","$35,454.24"
833706796,3/27/2013,March,2013,Wednesday,4/3/2013,7,M,CYP,Cyprus,Asia,Western Asia,2103,Cereal,Online,1223,$205.70,$117.11,"$251,571.10","$143,225.53","$108,345.57"
834065997,8/14/2016,August,2016,Sunday,9/14/2016,31,L,AND,Andorra,Europe,Southern Europe,7940,Household,Offline,7518,$668.27,$502.54,"$5,024,053.86","$3,778,095.72","$1,245,958.14"
835093390,7/27/2014,July,2014,Sunday,7/29/2014,2,H,DEU,Germany,Europe,Western Europe,3127,Personal Care,Offline,1547,$81.73,$56.67,"$126,436.31","$87,668.49","$38,767.82"
835265910,8/27/2010,August,2010,Friday,10/1/2010,35,M,AUT,Austria,Europe,Western Europe,7940,Household,Offline,2599,$668.27,$502.54,"$1,736,833.73","$1,306,101.46","$430,732.27"
835341870,1/26/2017,January,2017,Thursday,2/24/2017,29,M,LUX,Luxembourg,Europe,Western Europe,8293,Cosmetics,Online,5077,$437.20,$263.33,"$2,219,664.40","$1,336,926.41","$882,737.99"
837608659,4/21/2012,April,2012,Saturday,5/2/2012,11,H,BGR,Bulgaria,Europe,Eastern Europe,7940,Household,Online,5871,$668.27,$502.54,"$3,923,413.17","$2,950,412.34","$973,000.83"
837906920,4/4/2017,April,2017,Tuesday,5/16/2017,42,L,CHE,Switzerland,Europe,Western Europe,1270,Beverages,Online,4133,$47.45,$31.79,"$196,110.85","$131,388.07","$64,722.78"
838788402,2/10/2010,February,2010,Wednesday,2/26/2010,16,M,ARM,Armenia,Asia,Western Asia,7331,Baby Food,Offline,4983,$255.28,$159.42,"$1,272,060.24","$794,389.86","$477,670.38"
838895261,2/17/2014,February,2014,Monday,2/19/2014,2,L,Unknow,Unknow,Unknow,Unknow,3127,Personal Care,Offline,6605,$81.73,$56.67,"$539,826.65","$374,305.35","$165,521.30"
839437711,12/23/2014,December,2014,Tuesday,12/24/2014,1,L,BLR,Belarus,Europe,Eastern Europe,2455,Clothes,Offline,7128,$109.28,$35.84,"$778,947.84","$255,467.52","$523,480.32"
840747058,12/10/2010,December,2010,Friday,12/26/2010,16,C,ARM,Armenia,Asia,Western Asia,3127,Personal Care,Online,4593,$81.73,$56.67,"$375,385.89","$260,285.31","$115,100.58"
840781390,10/20/2010,October,2010,Wednesday,11/13/2010,24,H,LUX,Luxembourg,Europe,Western Europe,7940,Household,Online,4752,$668.27,$502.54,"$3,175,619.04","$2,388,070.08","$787,548.96"
842687690,4/10/2011,April,2011,Sunday,5/26/2011,46,H,MNE,Montenegro,Europe,Southern Europe,5988,Vegetables,Offline,8869,$154.06,$90.93,"$1,366,358.14","$806,458.17","$559,899.97"
842725884,7/27/2015,July,2015,Monday,8/11/2015,15,H,CYP,Cyprus,Asia,Western Asia,8969,Snacks,Offline,171,$152.58,$97.44,"$26,091.18","$16,662.24","$9,428.94"
844105184,3/17/2010,March,2010,Wednesday,4/20/2010,34,H,SVN,Slovenia,Europe,Southern Europe,1270,Beverages,Offline,8337,$47.45,$31.79,"$395,590.65","$265,033.23","$130,557.42"
844307315,7/8/2012,July,2012,Sunday,7/29/2012,21,H,GBR,United Kingdom,Europe,Northern Europe,7331,Baby Food,Online,8152,$255.28,$159.42,"$2,081,042.56","$1,299,591.84","$781,450.72"
844575107,6/21/2014,June,2014,Saturday,6/26/2014,5,H,FIN,Finland,Europe,Northern Europe,8875,Meat,Online,7397,$421.89,$364.69,"$3,120,720.33","$2,697,611.93","$423,108.40"
845067346,9/9/2010,September,2010,Thursday,9/13/2010,4,H,MLT,Malta,Europe,Southern Europe,7940,Household,Online,3062,$668.27,$502.54,"$2,046,242.74","$1,538,777.48","$507,465.26"
845738112,9/26/2010,September,2010,Sunday,10/23/2010,27,L,Unknow,Unknow,Unknow,Unknow,8293,Cosmetics,Online,1557,$437.20,$263.33,"$680,720.40","$410,004.81","$270,715.59"
846413600,12/30/2011,December,2011,Friday,12/31/2011,1,L,IRL,Ireland,Europe,Northern Europe,8969,Snacks,Online,1448,$152.58,$97.44,"$220,935.84","$141,093.12","$79,842.72"
847317397,12/15/2011,December,2011,Thursday,12/18/2011,3,M,LVA,Latvia,Europe,Northern Europe,8875,Meat,Offline,8902,$421.89,$364.69,"$3,755,664.78","$3,246,470.38","$509,194.40"
848737466,5/15/2016,May,2016,Sunday,5/31/2016,16,L,ARM,Armenia,Asia,Western Asia,5988,Vegetables,Online,9132,$154.06,$90.93,"$1,406,875.92","$830,372.76","$576,503.16"
849431836,11/25/2014,November,2014,Tuesday,11/28/2014,3,L,LVA,Latvia,Europe,Northern Europe,8875,Meat,Online,4611,$421.89,$364.69,"$1,945,334.79","$1,681,585.59","$263,749.20"
849454581,8/10/2016,August,2016,Wednesday,9/6/2016,27,M,ALB,Albania,Europe,Southern Europe,8681,Office Supplies,Online,1342,$651.21,$524.96,"$873,923.82","$704,496.32","$169,427.50"
850279843,3/31/2012,March,2012,Saturday,4/10/2012,10,C,CYP,Cyprus,Asia,Western Asia,4594,Fruits,Offline,5556,$9.33,$6.92,"$51,837.48","$38,447.52","$13,389.96"
850562655,8/11/2014,August,2014,Monday,9/25/2014,45,M,CHE,Switzerland,Europe,Western Europe,7331,Baby Food,Offline,9246,$255.28,$159.42,"$2,360,318.88","$1,473,997.32","$886,321.56"
850872075,7/18/2015,July,2015,Saturday,8/1/2015,14,H,CZE,Czech Republic,Europe,Eastern Europe,7331,Baby Food,Offline,810,$255.28,$159.42,"$206,776.80","$129,130.20","$77,646.60"
852392995,3/28/2016,March,2016,Monday,4/19/2016,22,M,LTU,Lithuania,Europe,Northern Europe,8293,Cosmetics,Online,884,$437.20,$263.33,"$386,484.80","$232,783.72","$153,701.08"
853036296,5/14/2013,May,2013,Tuesday,6/1/2013,18,L,ROU,Romania,Europe,Eastern Europe,3127,Personal Care,Offline,1251,$81.73,$56.67,"$102,244.23","$70,894.17","$31,350.06"
856648051,12/13/2010,December,2010,Monday,12/23/2010,10,M,LIE,Liechtenstein,Europe,Western Europe,2103,Cereal,Online,50,$205.70,$117.11,"$10,285.00","$5,855.50","$4,429.50"
857457864,7/29/2011,July,2011,Friday,9/16/2011,49,C,NLD,Netherlands,Europe,Western Europe,8681,Office Supplies,Online,9691,$651.21,$524.96,"$6,310,876.11","$5,087,387.36","$1,223,488.75"
859914767,5/11/2016,May,2016,Wednesday,6/18/2016,38,M,SMR,San Marino,Europe,Southern Europe,8681,Office Supplies,Offline,6744,$651.21,$524.96,"$4,391,760.24","$3,540,330.24","$851,430.00"
860104024,12/27/2013,December,2013,Friday,12/30/2013,3,M,DNK,Denmark,Europe,Northern Europe,8293,Cosmetics,Offline,2749,$437.20,$263.33,"$1,201,862.80","$723,894.17","$477,968.63"
861180341,1/13/2010,January,2010,Wednesday,2/20/2010,38,L,AND,Andorra,Europe,Southern Europe,1270,Beverages,Offline,1255,$47.45,$31.79,"$59,549.75","$39,896.45","$19,653.30"
861252868,3/12/2014,March,2014,Wednesday,3/28/2014,16,L,AUT,Austria,Europe,Western Europe,8681,Office Supplies,Online,2717,$651.21,$524.96,"$1,769,337.57","$1,426,316.32","$343,021.25"
861976850,5/17/2011,May,2011,Tuesday,5/25/2011,8,H,SWE,Sweden,Europe,Northern Europe,3127,Personal Care,Offline,6960,$81.73,$56.67,"$568,840.80","$394,423.20","$174,417.60"
861982858,7/17/2011,July,2011,Sunday,9/4/2011,49,M,NOR,Norway,Europe,Northern Europe,8969,Snacks,Offline,8738,$152.58,$97.44,"$1,333,244.04","$851,430.72","$481,813.32"
862326610,5/2/2012,May,2012,Wednesday,5/28/2012,26,M,LVA,Latvia,Europe,Northern Europe,1270,Beverages,Online,461,$47.45,$31.79,"$21,874.45","$14,655.19","$7,219.26"
862485826,9/16/2016,September,2016,Friday,10/27/2016,41,C,UKR,Ukraine,Europe,Eastern Europe,8681,Office Supplies,Offline,7577,$651.21,$524.96,"$4,934,218.17","$3,977,621.92","$956,596.25"
863138997,11/12/2010,November,2010,Friday,12/21/2010,39,C,ALB,Albania,Europe,Southern Europe,8875,Meat,Online,865,$421.89,$364.69,"$364,934.85","$315,456.85","$49,478.00"
863202941,12/12/2016,December,2016,Monday,12/13/2016,1,L,SWE,Sweden,Europe,Northern Europe,8875,Meat,Offline,9787,$421.89,$364.69,"$4,129,037.43","$3,569,221.03","$559,816.40"
863890445,12/18/2010,December,2010,Saturday,12/25/2010,7,C,LVA,Latvia,Europe,Northern Europe,7940,Household,Offline,3235,$668.27,$502.54,"$2,161,853.45","$1,625,716.90","$536,136.55"
864071118,7/10/2010,July,2010,Saturday,7/18/2010,8,L,ROU,Romania,Europe,Eastern Europe,1270,Beverages,Online,6700,$47.45,$31.79,"$317,915.00","$212,993.00","$104,922.00"
865824210,5/9/2014,May,2014,Friday,5/14/2014,5,M,CZE,Czech Republic,Europe,Eastern Europe,8681,Office Supplies,Online,5479,$651.21,$524.96,"$3,567,979.59","$2,876,255.84","$691,723.75"
866396272,11/6/2013,November,2013,Wednesday,11/16/2013,10,H,AUT,Austria,Europe,Western Europe,8875,Meat,Online,4765,$421.89,$364.69,"$2,010,305.85","$1,737,747.85","$272,558.00"
867138278,7/12/2011,July,2011,Tuesday,8/4/2011,23,C,FRA,France,Europe,Western Europe,8681,Office Supplies,Offline,4341,$651.21,$524.96,"$2,826,902.61","$2,278,851.36","$548,051.25"
869291770,7/19/2015,July,2015,Sunday,8/21/2015,33,L,CHE,Switzerland,Europe,Western Europe,7940,Household,Offline,1607,$668.27,$502.54,"$1,073,909.89","$807,581.78","$266,328.11"
870173251,12/23/2015,December,2015,Wednesday,12/30/2015,7,M,AUT,Austria,Europe,Western Europe,2455,Clothes,Online,2457,$109.28,$35.84,"$268,500.96","$88,058.88","$180,442.08"
870218312,3/19/2017,March,2017,Sunday,3/27/2017,8,H,LVA,Latvia,Europe,Northern Europe,4594,Fruits,Offline,5792,$9.33,$6.92,"$54,039.36","$40,080.64","$13,958.72"
871147000,8/12/2014,August,2014,Tuesday,8/25/2014,13,C,SMR,San Marino,Europe,Southern Europe,7940,Household,Online,611,$668.27,$502.54,"$408,312.97","$307,051.94","$101,261.03"
871923768,4/30/2014,April,2014,Wednesday,5/30/2014,30,C,BIH,Bosnia and Herzegovina,Europe,Southern Europe,7331,Baby Food,Online,474,$255.28,$159.42,"$121,002.72","$75,565.08","$45,437.64"
873432672,9/10/2014,September,2014,Wednesday,9/17/2014,7,C,SVN,Slovenia,Europe,Southern Europe,7940,Household,Online,6992,$668.27,$502.54,"$4,672,543.84","$3,513,759.68","$1,158,784.16"
874172532,8/21/2016,August,2016,Sunday,10/2/2016,42,M,DEU,Germany,Europe,Western Europe,7940,Household,Offline,5933,$668.27,$502.54,"$3,964,845.91","$2,981,569.82","$983,276.09"
874349772,12/8/2013,December,2013,Sunday,1/4/2014,27,M,CYP,Cyprus,Asia,Western Asia,1270,Beverages,Online,8383,$47.45,$31.79,"$397,773.35","$266,495.57","$131,277.78"
875220096,10/25/2010,October,2010,Monday,11/6/2010,12,L,SMR,San Marino,Europe,Southern Europe,4594,Fruits,Online,5930,$9.33,$6.92,"$55,326.90","$41,035.60","$14,291.30"
876856458,8/8/2013,August,2013,Thursday,8/29/2013,21,H,SVK,Slovakia,Europe,Eastern Europe,8875,Meat,Offline,166,$421.89,$364.69,"$70,033.74","$60,538.54","$9,495.20"
877062451,10/9/2012,October,2012,Tuesday,10/29/2012,20,C,ALB,Albania,Europe,Southern Europe,1270,Beverages,Online,1124,$47.45,$31.79,"$53,333.80","$35,731.96","$17,601.84"
877084767,4/21/2012,April,2012,Saturday,6/9/2012,49,C,CHE,Switzerland,Europe,Western Europe,8875,Meat,Online,7728,$421.89,$364.69,"$3,260,365.92","$2,818,324.32","$442,041.60"
877687728,12/23/2016,December,2016,Friday,2/7/2017,46,C,SVK,Slovakia,Europe,Eastern Europe,3127,Personal Care,Offline,6158,$81.73,$56.67,"$503,293.34","$348,973.86","$154,319.48"
878614270,1/27/2011,January,2011,Thursday,2/17/2011,21,M,ISL,Iceland,Europe,Northern Europe,8293,Cosmetics,Online,342,$437.20,$263.33,"$149,522.40","$90,058.86","$59,463.54"
879405200,6/3/2014,June,2014,Tuesday,7/20/2014,47,L,BLR,Belarus,Europe,Eastern Europe,1270,Beverages,Online,4396,$47.45,$31.79,"$208,590.20","$139,748.84","$68,841.36"
879845082,4/14/2010,April,2010,Wednesday,5/1/2010,17,M,LTU,Lithuania,Europe,Northern Europe,4594,Fruits,Offline,4567,$9.33,$6.92,"$42,610.11","$31,603.64","$11,006.47"
879923617,8/10/2014,August,2014,Sunday,9/15/2014,36,M,HUN,Hungary,Europe,Eastern Europe,7331,Baby Food,Online,7807,$255.28,$159.42,"$1,992,970.96","$1,244,591.94","$748,379.02"
880176818,10/1/2010,October,2010,Friday,10/15/2010,14,M,POL,Poland,Europe,Eastern Europe,2455,Clothes,Online,2735,$109.28,$35.84,"$298,880.80","$98,022.40","$200,858.40"
881194770,11/5/2013,November,2013,Tuesday,12/5/2013,30,C,SMR,San Marino,Europe,Southern Europe,8681,Office Supplies,Offline,3969,$651.21,$524.96,"$2,584,652.49","$2,083,566.24","$501,086.25"
881717050,11/22/2010,November,2010,Monday,12/23/2010,31,M,BEL,Belgium,Europe,Western Europe,8969,Snacks,Online,8524,$152.58,$97.44,"$1,300,591.92","$830,578.56","$470,013.36"
883504474,8/3/2014,August,2014,Sunday,9/8/2014,36,H,ARM,Armenia,Asia,Western Asia,8681,Office Supplies,Offline,7462,$651.21,$524.96,"$4,859,329.02","$3,917,251.52","$942,077.50"
884147775,9/18/2011,September,2011,Sunday,10/19/2011,31,H,FIN,Finland,Europe,Northern Europe,1270,Beverages,Online,7829,$47.45,$31.79,"$371,486.05","$248,883.91","$122,602.14"
884192836,12/14/2012,December,2012,Friday,1/15/2013,32,C,NOR,Norway,Europe,Northern Europe,8681,Office Supplies,Offline,1164,$651.21,$524.96,"$758,008.44","$611,053.44","$146,955.00"
884462773,8/21/2010,August,2010,Saturday,10/5/2010,45,M,ROU,Romania,Europe,Eastern Europe,8969,Snacks,Offline,1044,$152.58,$97.44,"$159,293.52","$101,727.36","$57,566.16"
885046851,6/19/2010,June,2010,Saturday,7/19/2010,30,M,CZE,Czech Republic,Europe,Eastern Europe,8681,Office Supplies,Offline,3886,$651.21,$524.96,"$2,530,602.06","$2,039,994.56","$490,607.50"
885397469,10/10/2015,October,2015,Saturday,11/18/2015,39,M,SVN,Slovenia,Europe,Southern Europe,8875,Meat,Online,7642,$421.89,$364.69,"$3,224,083.38","$2,786,960.98","$437,122.40"
885998284,2/21/2017,February,2017,Tuesday,2/28/2017,7,C,ARM,Armenia,Asia,Western Asia,2455,Clothes,Offline,5436,$109.28,$35.84,"$594,046.08","$194,826.24","$399,219.84"
886620128,7/8/2011,July,2011,Friday,7/25/2011,17,C,ITA,Italy,Europe,Southern Europe,8681,Office Supplies,Offline,9453,$651.21,$524.96,"$6,155,888.13","$4,962,446.88","$1,193,441.25"
886763894,4/21/2013,April,2013,Sunday,5/27/2013,36,M,SVN,Slovenia,Europe,Southern Europe,5988,Vegetables,Offline,1997,$154.06,$90.93,"$307,657.82","$181,587.21","$126,070.61"
887501180,5/5/2017,May,2017,Friday,6/20/2017,46,C,GBR,United Kingdom,Europe,Northern Europe,8293,Cosmetics,Online,176,$437.20,$263.33,"$76,947.20","$46,346.08","$30,601.12"
889093768,4/10/2010,April,2010,Saturday,5/20/2010,40,M,FIN,Finland,Europe,Northern Europe,2103,Cereal,Offline,1458,$205.70,$117.11,"$299,910.60","$170,746.38","$129,164.22"
889125955,5/27/2014,May,2014,Tuesday,6/15/2014,19,H,AND,Andorra,Europe,Southern Europe,4594,Fruits,Offline,983,$9.33,$6.92,"$9,171.39","$6,802.36","$2,369.03"
891681563,3/1/2012,March,2012,Thursday,3/27/2012,26,M,BIH,Bosnia and Herzegovina,Europe,Southern Europe,7940,Household,Offline,7245,$668.27,$502.54,"$4,841,616.15","$3,640,902.30","$1,200,713.85"
891808593,5/30/2012,May,2012,Wednesday,6/11/2012,12,H,SVK,Slovakia,Europe,Eastern Europe,7331,Baby Food,Offline,4835,$255.28,$159.42,"$1,234,278.80","$770,795.70","$463,483.10"
892042911,4/13/2011,April,2011,Wednesday,5/12/2011,29,H,POL,Poland,Europe,Eastern Europe,8293,Cosmetics,Offline,4175,$437.20,$263.33,"$1,825,310.00","$1,099,402.75","$725,907.25"
894589078,3/11/2014,March,2014,Tuesday,4/10/2014,30,M,MLT,Malta,Europe,Southern Europe,5988,Vegetables,Online,7643,$154.06,$90.93,"$1,177,480.58","$694,977.99","$482,502.59"
897317206,8/13/2015,August,2015,Thursday,9/1/2015,19,H,ITA,Italy,Europe,Southern Europe,1270,Beverages,Online,4957,$47.45,$31.79,"$235,209.65","$157,583.03","$77,626.62"
897638213,9/14/2014,September,2014,Sunday,10/8/2014,24,M,PRT,Portugal,Europe,Southern Europe,2103,Cereal,Offline,9950,$205.70,$117.11,"$2,046,715.00","$1,165,244.50","$881,470.50"
897785842,5/8/2013,May,2013,Wednesday,5/12/2013,4,L,CYP,Cyprus,Asia,Western Asia,8681,Office Supplies,Offline,3636,$651.21,$524.96,"$2,367,799.56","$1,908,754.56","$459,045.00"
898211562,2/25/2013,February,2013,Monday,3/12/2013,15,L,EST,Estonia,Europe,Northern Europe,4594,Fruits,Offline,9616,$9.33,$6.92,"$89,717.28","$66,542.72","$23,174.56"
899868094,3/2/2012,March,2012,Friday,3/26/2012,24,C,Unknow,Unknow,Unknow,Unknow,4594,Fruits,Online,9821,$9.33,$6.92,"$91,629.93","$67,961.32","$23,668.61"
900808799,6/20/2017,June,2017,Tuesday,6/28/2017,8,C,GRC,Greece,Europe,Southern Europe,8293,Cosmetics,Online,8196,$437.20,$263.33,"$3,583,291.20","$2,158,252.68","$1,425,038.52"
901670968,11/16/2010,November,2010,Tuesday,12/11/2010,25,C,IRL,Ireland,Europe,Northern Europe,5988,Vegetables,Offline,3331,$154.06,$90.93,"$513,173.86","$302,887.83","$210,286.03"
901789844,3/24/2015,March,2015,Tuesday,5/5/2015,42,H,MLT,Malta,Europe,Southern Europe,8875,Meat,Online,8509,$421.89,$364.69,"$3,589,862.01","$3,103,147.21","$486,714.80"
904589211,4/13/2014,April,2014,Sunday,5/4/2014,21,H,SMR,San Marino,Europe,Southern Europe,8681,Office Supplies,Online,6905,$651.21,$524.96,"$4,496,605.05","$3,624,848.80","$871,756.25"
904812800,10/9/2011,October,2011,Sunday,11/24/2011,46,M,ROU,Romania,Europe,Eastern Europe,4594,Fruits,Offline,3069,$9.33,$6.92,"$28,633.77","$21,237.48","$7,396.29"
905036389,11/1/2016,November,2016,Tuesday,11/20/2016,19,L,POL,Poland,Europe,Eastern Europe,2103,Cereal,Online,9234,$205.70,$117.11,"$1,899,433.80","$1,081,393.74","$818,040.06"
905509746,10/13/2015,October,2015,Tuesday,10/20/2015,7,L,MKD,Macedonia,Europe,Southern Europe,7940,Household,Offline,9311,$668.27,$502.54,"$6,222,261.97","$4,679,149.94","$1,543,112.03"
905947482,11/30/2015,November,2015,Monday,1/18/2016,49,C,DNK,Denmark,Europe,Northern Europe,2103,Cereal,Online,8847,$205.70,$117.11,"$1,819,827.90","$1,036,072.17","$783,755.73"
906345736,10/18/2012,October,2012,Thursday,11/21/2012,34,C,NLD,Netherlands,Europe,Western Europe,1270,Beverages,Offline,6699,$47.45,$31.79,"$317,867.55","$212,961.21","$104,906.34"
906508815,1/13/2014,January,2014,Monday,1/23/2014,10,H,HRV,Croatia,Europe,Southern Europe,2455,Clothes,Online,4958,$109.28,$35.84,"$541,810.24","$177,694.72","$364,115.52"
906794202,4/22/2014,April,2014,Tuesday,5/11/2014,19,L,FIN,Finland,Europe,Northern Europe,2455,Clothes,Online,9410,$109.28,$35.84,"$1,028,324.80","$337,254.40","$691,070.40"
907047402,6/13/2010,June,2010,Sunday,8/1/2010,49,M,Unknow,Unknow,Unknow,Unknow,8875,Meat,Online,4338,$421.89,$364.69,"$1,830,158.82","$1,582,025.22","$248,133.60"
907349526,4/5/2012,April,2012,Thursday,5/16/2012,41,C,ISL,Iceland,Europe,Northern Europe,8293,Cosmetics,Online,3743,$437.20,$263.33,"$1,636,439.60","$985,644.19","$650,795.41"
907691991,2/6/2014,February,2014,Thursday,3/9/2014,31,M,LTU,Lithuania,Europe,Northern Europe,2103,Cereal,Offline,5086,$205.70,$117.11,"$1,046,190.20","$595,621.46","$450,568.74"
910610234,7/3/2017,July,2017,Monday,7/31/2017,28,L,SWE,Sweden,Europe,Northern Europe,8293,Cosmetics,Online,8659,$437.20,$263.33,"$3,785,714.80","$2,280,174.47","$1,505,540.33"
910886180,5/10/2015,May,2015,Sunday,6/10/2015,31,M,ROU,Romania,Europe,Eastern Europe,1270,Beverages,Online,317,$47.45,$31.79,"$15,041.65","$10,077.43","$4,964.22"
911891257,10/8/2013,October,2013,Tuesday,11/1/2013,24,C,BGR,Bulgaria,Europe,Eastern Europe,4594,Fruits,Offline,7742,$9.33,$6.92,"$72,232.86","$53,574.64","$18,658.22"
913074433,11/2/2013,November,2013,Saturday,12/17/2013,45,H,LVA,Latvia,Europe,Northern Europe,3127,Personal Care,Offline,7870,$81.73,$56.67,"$643,215.10","$445,992.90","$197,222.20"
913729751,4/18/2011,April,2011,Monday,5/9/2011,21,M,GEO,Georgia,Asia,Western Asia,8875,Meat,Online,1793,$421.89,$364.69,"$756,448.77","$653,889.17","$102,559.60"
916089236,6/27/2014,June,2014,Friday,7/28/2014,31,C,BEL,Belgium,Europe,Western Europe,8293,Cosmetics,Offline,17,$437.20,$263.33,"$7,432.40","$4,476.61","$2,955.79"
917485272,9/1/2010,September,2010,Wednesday,10/3/2010,32,L,LVA,Latvia,Europe,Northern Europe,7331,Baby Food,Online,3136,$255.28,$159.42,"$800,558.08","$499,941.12","$300,616.96"
917639768,10/31/2013,October,2013,Thursday,12/14/2013,44,L,SRB,Serbia,Europe,Southern Europe,5988,Vegetables,Online,8854,$154.06,$90.93,"$1,364,047.24","$805,094.22","$558,953.02"
917792117,9/10/2013,September,2013,Tuesday,10/7/2013,27,M,ISL,Iceland,Europe,Northern Europe,2455,Clothes,Online,3938,$109.28,$35.84,"$430,344.64","$141,137.92","$289,206.72"
917835032,8/17/2011,August,2011,Wednesday,10/6/2011,50,C,AUT,Austria,Europe,Western Europe,5988,Vegetables,Offline,6637,$154.06,$90.93,"$1,022,496.22","$603,502.41","$418,993.81"
917874085,9/12/2012,September,2012,Wednesday,9/23/2012,11,M,NOR,Norway,Europe,Northern Europe,8875,Meat,Offline,8194,$421.89,$364.69,"$3,456,966.66","$2,988,269.86","$468,696.80"
917904984,4/21/2010,April,2010,Wednesday,4/24/2010,3,L,ROU,Romania,Europe,Eastern Europe,3127,Personal Care,Online,7338,$81.73,$56.67,"$599,734.74","$415,844.46","$183,890.28"
918364179,3/10/2013,March,2013,Sunday,4/11/2013,32,H,FIN,Finland,Europe,Northern Europe,8969,Snacks,Offline,3223,$152.58,$97.44,"$491,765.34","$314,049.12","$177,716.22"
919133651,10/14/2013,October,2013,Monday,11/4/2013,21,M,BIH,Bosnia and Herzegovina,Europe,Southern Europe,2455,Clothes,Online,927,$109.28,$35.84,"$101,302.56","$33,223.68","$68,078.88"
919922006,8/27/2011,August,2011,Saturday,9/18/2011,22,L,Unknow,Unknow,Unknow,Unknow,4594,Fruits,Online,4219,$9.33,$6.92,"$39,363.27","$29,195.48","$10,167.79"
920011270,5/9/2017,May,2017,Tuesday,6/12/2017,34,M,CZE,Czech Republic,Europe,Eastern Europe,8875,Meat,Offline,634,$421.89,$364.69,"$267,478.26","$231,213.46","$36,264.80"
920688903,5/5/2014,May,2014,Monday,6/12/2014,38,L,UKR,Ukraine,Europe,Eastern Europe,7331,Baby Food,Offline,1161,$255.28,$159.42,"$296,380.08","$185,086.62","$111,293.46"
921133935,8/5/2013,August,2013,Monday,8/11/2013,6,L,BEL,Belgium,Europe,Western Europe,8969,Snacks,Online,2856,$152.58,$97.44,"$435,768.48","$278,288.64","$157,479.84"
921230065,3/27/2016,March,2016,Sunday,5/16/2016,50,M,PRT,Portugal,Europe,Southern Europe,7331,Baby Food,Offline,1303,$255.28,$159.42,"$332,629.84","$207,724.26","$124,905.58"
921693980,10/4/2012,October,2012,Thursday,11/4/2012,31,M,GRC,Greece,Europe,Southern Europe,5988,Vegetables,Online,8586,$154.06,$90.93,"$1,322,759.16","$780,724.98","$542,034.18"
922363460,11/7/2013,November,2013,Thursday,11/23/2013,16,H,LUX,Luxembourg,Europe,Western Europe,2455,Clothes,Online,6700,$109.28,$35.84,"$732,176.00","$240,128.00","$492,048.00"
922564303,3/17/2017,March,2017,Friday,4/2/2017,16,L,Unknow,Unknow,Unknow,Unknow,7940,Household,Offline,6134,$668.27,$502.54,"$4,099,168.18","$3,082,580.36","$1,016,587.82"
923160398,5/14/2017,May,2017,Sunday,6/15/2017,32,L,AND,Andorra,Europe,Southern Europe,2455,Clothes,Offline,2531,$109.28,$35.84,"$276,587.68","$90,711.04","$185,876.64"
923922574,4/9/2011,April,2011,Saturday,5/23/2011,44,M,IRL,Ireland,Europe,Northern Europe,5988,Vegetables,Offline,8076,$154.06,$90.93,"$1,244,188.56","$734,350.68","$509,837.88"
926064479,2/18/2017,February,2017,Saturday,3/10/2017,20,L,AUT,Austria,Europe,Western Europe,8681,Office Supplies,Online,1913,$651.21,$524.96,"$1,245,764.73","$1,004,248.48","$241,516.25"
926280772,7/5/2015,July,2015,Sunday,7/21/2015,16,H,LTU,Lithuania,Europe,Northern Europe,1270,Beverages,Offline,5919,$47.45,$31.79,"$280,856.55","$188,165.01","$92,691.54"
926763570,11/16/2016,November,2016,Wednesday,11/25/2016,9,H,MCO,Monaco,Europe,Western Europe,2455,Clothes,Offline,8790,$109.28,$35.84,"$960,571.20","$315,033.60","$645,537.60"
926826655,1/15/2011,January,2011,Saturday,2/16/2011,32,H,ITA,Italy,Europe,Southern Europe,7331,Baby Food,Online,7458,$255.28,$159.42,"$1,903,878.24","$1,188,954.36","$714,923.88"
927351081,5/23/2011,May,2011,Monday,6/2/2011,10,H,LIE,Liechtenstein,Europe,Western Europe,5988,Vegetables,Offline,2647,$154.06,$90.93,"$407,796.82","$240,691.71","$167,105.11"
928168189,2/17/2011,February,2011,Thursday,3/15/2011,26,H,BGR,Bulgaria,Europe,Eastern Europe,2103,Cereal,Offline,4448,$205.70,$117.11,"$914,953.60","$520,905.28","$394,048.32"
929812705,5/22/2017,May,2017,Monday,5/25/2017,3,H,ROU,Romania,Europe,Eastern Europe,8875,Meat,Online,1097,$421.89,$364.69,"$462,813.33","$400,064.93","$62,748.40"
930136287,5/20/2014,May,2014,Tuesday,6/21/2014,32,L,HUN,Hungary,Europe,Eastern Europe,1270,Beverages,Online,6852,$47.45,$31.79,"$325,127.40","$217,825.08","$107,302.32"
930296790,2/20/2010,February,2010,Saturday,3/26/2010,34,C,LTU,Lithuania,Europe,Northern Europe,8875,Meat,Offline,4348,$421.89,$364.69,"$1,834,377.72","$1,585,672.12","$248,705.60"
930457293,6/20/2013,June,2013,Thursday,7/26/2013,36,H,MNE,Montenegro,Europe,Southern Europe,2103,Cereal,Offline,1845,$205.70,$117.11,"$379,516.50","$216,067.95","$163,448.55"
930670154,2/26/2017,February,2017,Sunday,3/15/2017,17,L,NOR,Norway,Europe,Northern Europe,8875,Meat,Online,4835,$421.89,$364.69,"$2,039,838.15","$1,763,276.15","$276,562.00"
931477820,6/23/2014,June,2014,Monday,7/19/2014,26,L,BEL,Belgium,Europe,Western Europe,1270,Beverages,Online,3841,$47.45,$31.79,"$182,255.45","$122,105.39","$60,150.06"
931559789,6/25/2013,June,2013,Tuesday,7/5/2013,10,C,HUN,Hungary,Europe,Eastern Europe,2455,Clothes,Offline,8098,$109.28,$35.84,"$884,949.44","$290,232.32","$594,717.12"
932475602,10/9/2013,October,2013,Wednesday,11/21/2013,43,L,AND,Andorra,Europe,Southern Europe,1270,Beverages,Offline,9107,$47.45,$31.79,"$432,127.15","$289,511.53","$142,615.62"
933642041,4/19/2012,April,2012,Thursday,5/19/2012,30,H,MNE,Montenegro,Europe,Southern Europe,3127,Personal Care,Online,4282,$81.73,$56.67,"$349,967.86","$242,660.94","$107,306.92"
933699119,11/13/2013,November,2013,Wednesday,11/24/2013,11,C,NLD,Netherlands,Europe,Western Europe,3127,Personal Care,Offline,1173,$81.73,$56.67,"$95,869.29","$66,473.91","$29,395.38"
933720576,8/14/2016,August,2016,Sunday,10/1/2016,48,H,LIE,Liechtenstein,Europe,Western Europe,5988,Vegetables,Offline,7523,$154.06,$90.93,"$1,158,993.38","$684,066.39","$474,926.99"
933963048,5/21/2011,May,2011,Saturday,6/24/2011,34,M,CHE,Switzerland,Europe,Western Europe,2455,Clothes,Offline,9275,$109.28,$35.84,"$1,013,572.00","$332,416.00","$681,156.00"
934718358,12/2/2015,December,2015,Wednesday,12/16/2015,14,H,IRL,Ireland,Europe,Northern Europe,5988,Vegetables,Online,2789,$154.06,$90.93,"$429,673.34","$253,603.77","$176,069.57"
935789954,10/3/2010,October,2010,Sunday,11/18/2010,46,L,BLR,Belarus,Europe,Eastern Europe,1270,Beverages,Online,9898,$47.45,$31.79,"$469,660.10","$314,657.42","$155,002.68"
935907542,2/25/2016,February,2016,Thursday,3/21/2016,25,M,MKD,Macedonia,Europe,Southern Europe,1270,Beverages,Offline,4695,$47.45,$31.79,"$222,777.75","$149,254.05","$73,523.70"
936411798,9/13/2012,September,2012,Thursday,9/17/2012,4,L,LVA,Latvia,Europe,Northern Europe,3127,Personal Care,Offline,3915,$81.73,$56.67,"$319,972.95","$221,863.05","$98,109.90"
936547410,1/8/2011,January,2011,Saturday,1/12/2011,4,L,GRC,Greece,Europe,Southern Europe,5988,Vegetables,Offline,4046,$154.06,$90.93,"$623,326.76","$367,902.78","$255,423.98"
936664998,6/1/2016,June,2016,Wednesday,7/5/2016,34,M,SVK,Slovakia,Europe,Eastern Europe,5988,Vegetables,Offline,8843,$154.06,$90.93,"$1,362,352.58","$804,093.99","$558,258.59"
937875640,10/30/2011,October,2011,Sunday,11/30/2011,31,C,SMR,San Marino,Europe,Southern Europe,2455,Clothes,Online,7098,$109.28,$35.84,"$775,669.44","$254,392.32","$521,277.12"
938209950,3/14/2010,March,2010,Sunday,3/16/2010,2,C,DEU,Germany,Europe,Western Europe,3127,Personal Care,Offline,6028,$81.73,$56.67,"$492,668.44","$341,606.76","$151,061.68"
940682303,1/1/2010,January,2010,Friday,2/9/2010,39,L,LIE,Liechtenstein,Europe,Western Europe,2103,Cereal,Online,7652,$205.70,$117.11,"$1,574,016.40","$896,125.72","$677,890.68"
941061675,3/8/2017,March,2017,Wednesday,3/20/2017,12,M,Unknow,Unknow,Unknow,Unknow,5988,Vegetables,Offline,9917,$154.06,$90.93,"$1,527,813.02","$901,752.81","$626,060.21"
941524302,10/3/2014,October,2014,Friday,10/9/2014,6,C,IRL,Ireland,Europe,Northern Europe,3127,Personal Care,Online,6819,$81.73,$56.67,"$557,316.87","$386,432.73","$170,884.14"
941933286,1/5/2013,January,2013,Saturday,2/8/2013,34,M,RUS,Russia,Europe,Eastern Europe,8969,Snacks,Online,7846,$152.58,$97.44,"$1,197,142.68","$764,514.24","$432,628.44"
942372310,2/6/2012,February,2012,Monday,2/19/2012,13,M,BIH,Bosnia and Herzegovina,Europe,Southern Europe,5988,Vegetables,Offline,7763,$154.06,$90.93,"$1,195,967.78","$705,889.59","$490,078.19"
942454278,2/9/2011,February,2011,Wednesday,3/29/2011,48,M,ISL,Iceland,Europe,Northern Europe,8293,Cosmetics,Online,2019,$437.20,$263.33,"$882,706.80","$531,663.27","$351,043.53"
943274819,2/8/2013,February,2013,Friday,3/8/2013,28,M,LVA,Latvia,Europe,Northern Europe,8969,Snacks,Online,4836,$152.58,$97.44,"$737,876.88","$471,219.84","$266,657.04"
944247710,12/19/2014,December,2014,Friday,1/31/2015,43,H,BGR,Bulgaria,Europe,Eastern Europe,7331,Baby Food,Online,2736,$255.28,$159.42,"$698,446.08","$436,173.12","$262,272.96"
944609057,1/30/2014,January,2014,Thursday,3/16/2014,45,L,PRT,Portugal,Europe,Southern Europe,8875,Meat,Online,9666,$421.89,$364.69,"$4,077,988.74","$3,525,093.54","$552,895.20"
946421372,3/19/2015,March,2015,Thursday,3/21/2015,2,M,UKR,Ukraine,Europe,Eastern Europe,1270,Beverages,Offline,5971,$47.45,$31.79,"$283,323.95","$189,818.09","$93,505.86"
946823489,7/12/2016,July,2016,Tuesday,8/30/2016,49,H,IRL,Ireland,Europe,Northern Europe,2103,Cereal,Online,4966,$205.70,$117.11,"$1,021,506.20","$581,568.26","$439,937.94"
947073256,5/31/2010,May,2010,Monday,6/12/2010,12,C,GEO,Georgia,Asia,Western Asia,8969,Snacks,Online,8878,$152.58,$97.44,"$1,354,605.24","$865,072.32","$489,532.92"
947507131,9/7/2013,September,2013,Saturday,10/20/2013,43,L,UKR,Ukraine,Europe,Eastern Europe,1270,Beverages,Offline,7271,$47.45,$31.79,"$345,008.95","$231,145.09","$113,863.86"
948075759,12/3/2010,December,2010,Friday,1/4/2011,32,M,HUN,Hungary,Europe,Eastern Europe,1270,Beverages,Offline,5540,$47.45,$31.79,"$262,873.00","$176,116.60","$86,756.40"
948518216,4/7/2012,April,2012,Saturday,5/4/2012,27,H,BGR,Bulgaria,Europe,Eastern Europe,8875,Meat,Offline,6473,$421.89,$364.69,"$2,730,893.97","$2,360,638.37","$370,255.60"
949388539,9/18/2016,September,2016,Sunday,9/30/2016,12,M,RUS,Russia,Europe,Eastern Europe,8969,Snacks,Online,4021,$152.58,$97.44,"$613,524.18","$391,806.24","$221,717.94"
949732291,7/5/2017,July,2017,Wednesday,8/14/2017,40,L,MKD,Macedonia,Europe,Southern Europe,1270,Beverages,Offline,5745,$47.45,$31.79,"$272,600.25","$182,633.55","$89,966.70"
949912965,1/24/2017,January,2017,Tuesday,3/6/2017,41,M,SVN,Slovenia,Europe,Southern Europe,8293,Cosmetics,Online,9210,$437.20,$263.33,"$4,026,612.00","$2,425,269.30","$1,601,342.70"
951698243,6/16/2017,June,2017,Friday,7/3/2017,17,L,ARM,Armenia,Asia,Western Asia,8969,Snacks,Online,7514,$152.58,$97.44,"$1,146,486.12","$732,164.16","$414,321.96"
954040992,7/14/2011,July,2011,Thursday,8/27/2011,44,L,BIH,Bosnia and Herzegovina,Europe,Southern Europe,8969,Snacks,Offline,785,$152.58,$97.44,"$119,775.30","$76,490.40","$43,284.90"
954065883,7/17/2016,July,2016,Sunday,9/1/2016,46,L,HUN,Hungary,Europe,Eastern Europe,7940,Household,Offline,8151,$668.27,$502.54,"$5,447,068.77","$4,096,203.54","$1,350,865.23"
954341828,5/23/2014,May,2014,Friday,7/11/2014,49,H,DNK,Denmark,Europe,Northern Europe,5988,Vegetables,Offline,9809,$154.06,$90.93,"$1,511,174.54","$891,932.37","$619,242.17"
955466639,12/8/2013,December,2013,Sunday,1/27/2014,50,C,ESP,Spain,Europe,Southern Europe,3127,Personal Care,Online,2666,$81.73,$56.67,"$217,892.18","$151,082.22","$66,809.96"
956594026,5/22/2011,May,2011,Sunday,6/17/2011,26,L,ESP,Spain,Europe,Southern Europe,7331,Baby Food,Offline,6285,$255.28,$159.42,"$1,604,434.80","$1,001,954.70","$602,480.10"
956969964,4/24/2016,April,2016,Sunday,5/27/2016,33,L,IRL,Ireland,Europe,Northern Europe,5988,Vegetables,Online,7533,$154.06,$90.93,"$1,160,533.98","$684,975.69","$475,558.29"
957926118,8/18/2016,August,2016,Thursday,9/1/2016,14,L,GRC,Greece,Europe,Southern Europe,8969,Snacks,Online,480,$152.58,$97.44,"$73,238.40","$46,771.20","$26,467.20"
958366000,6/29/2012,June,2012,Friday,8/3/2012,35,M,RUS,Russia,Europe,Eastern Europe,2103,Cereal,Offline,651,$205.70,$117.11,"$133,910.70","$76,238.61","$57,672.09"
960213077,8/31/2015,August,2015,Monday,10/16/2015,46,H,BEL,Belgium,Europe,Western Europe,1270,Beverages,Online,7242,$47.45,$31.79,"$343,632.90","$230,223.18","$113,409.72"
962560546,12/14/2010,December,2010,Tuesday,1/8/2011,25,M,GEO,Georgia,Asia,Western Asia,2103,Cereal,Offline,1911,$205.70,$117.11,"$393,092.70","$223,797.21","$169,295.49"
963219296,9/1/2010,September,2010,Wednesday,9/18/2010,17,C,MKD,Macedonia,Europe,Southern Europe,2103,Cereal,Online,6850,$205.70,$117.11,"$1,409,045.00","$802,203.50","$606,841.50"
965796363,3/9/2011,March,2011,Wednesday,3/19/2011,10,M,LTU,Lithuania,Europe,Northern Europe,4594,Fruits,Online,9461,$9.33,$6.92,"$88,271.13","$65,470.12","$22,801.01"
966800153,8/25/2010,August,2010,Wednesday,9/10/2010,16,M,EST,Estonia,Europe,Northern Europe,8875,Meat,Offline,6505,$421.89,$364.69,"$2,744,394.45","$2,372,308.45","$372,086.00"
967258059,7/31/2014,July,2014,Thursday,8/8/2014,8,M,AUT,Austria,Europe,Western Europe,3127,Personal Care,Online,2009,$81.73,$56.67,"$164,195.57","$113,850.03","$50,345.54"
967679059,3/3/2013,March,2013,Sunday,3/19/2013,16,C,AND,Andorra,Europe,Southern Europe,5988,Vegetables,Online,6592,$154.06,$90.93,"$1,015,563.52","$599,410.56","$416,152.96"
968185460,1/9/2013,January,2013,Wednesday,2/3/2013,25,M,POL,Poland,Europe,Eastern Europe,8969,Snacks,Online,6448,$152.58,$97.44,"$983,835.84","$628,293.12","$355,542.72"
969195258,8/26/2012,August,2012,Sunday,9/17/2012,22,L,DNK,Denmark,Europe,Northern Europe,5988,Vegetables,Online,5269,$154.06,$90.93,"$811,742.14","$479,110.17","$332,631.97"
969199979,11/12/2013,November,2013,Tuesday,12/7/2013,25,H,GRC,Greece,Europe,Southern Europe,8875,Meat,Online,6666,$421.89,$364.69,"$2,812,318.74","$2,431,023.54","$381,295.20"
969289243,12/28/2011,December,2011,Wednesday,2/2/2012,36,C,BIH,Bosnia and Herzegovina,Europe,Southern Europe,7940,Household,Online,3082,$668.27,$502.54,"$2,059,608.14","$1,548,828.28","$510,779.86"
970427358,10/26/2010,October,2010,Tuesday,10/31/2010,5,H,ARM,Armenia,Asia,Western Asia,8875,Meat,Offline,9875,$421.89,$364.69,"$4,166,163.75","$3,601,313.75","$564,850.00"
971578347,4/30/2014,April,2014,Wednesday,6/16/2014,47,L,MCO,Monaco,Europe,Western Europe,7940,Household,Online,478,$668.27,$502.54,"$319,433.06","$240,214.12","$79,218.94"
971899354,6/1/2013,June,2013,Saturday,6/1/2013,0,C,SWE,Sweden,Europe,Northern Europe,8969,Snacks,Online,5471,$152.58,$97.44,"$834,765.18","$533,094.24","$301,670.94"
972419059,7/22/2012,July,2012,Sunday,8/17/2012,26,H,SVN,Slovenia,Europe,Southern Europe,2103,Cereal,Online,9264,$205.70,$117.11,"$1,905,604.80","$1,084,907.04","$820,697.76"
972452533,8/22/2015,August,2015,Saturday,10/4/2015,43,L,FIN,Finland,Europe,Northern Europe,5988,Vegetables,Online,9169,$154.06,$90.93,"$1,412,576.14","$833,737.17","$578,838.97"
972981679,3/15/2017,March,2017,Wednesday,4/9/2017,25,C,LVA,Latvia,Europe,Northern Europe,8969,Snacks,Online,5755,$152.58,$97.44,"$878,097.90","$560,767.20","$317,330.70"
973268353,6/5/2016,June,2016,Sunday,6/26/2016,21,H,DNK,Denmark,Europe,Northern Europe,1270,Beverages,Online,589,$47.45,$31.79,"$27,948.05","$18,724.31","$9,223.74"
974147260,5/18/2011,May,2011,Wednesday,6/8/2011,21,L,AND,Andorra,Europe,Southern Europe,2455,Clothes,Offline,677,$109.28,$35.84,"$73,982.56","$24,263.68","$49,718.88"
974420630,4/26/2011,April,2011,Tuesday,6/15/2011,50,H,LIE,Liechtenstein,Europe,Western Europe,4594,Fruits,Offline,1573,$9.33,$6.92,"$14,676.09","$10,885.16","$3,790.93"
975080668,7/23/2017,July,2017,Sunday,8/20/2017,28,C,Unknow,Unknow,Unknow,Unknow,5988,Vegetables,Offline,6893,$154.06,$90.93,"$1,061,935.58","$626,780.49","$435,155.09"
975823962,3/11/2014,March,2014,Tuesday,4/8/2014,28,L,GRC,Greece,Europe,Southern Europe,8681,Office Supplies,Online,6850,$651.21,$524.96,"$4,460,788.50","$3,595,976.00","$864,812.50"
976323497,2/6/2017,February,2017,Monday,2/10/2017,4,M,HRV,Croatia,Europe,Southern Europe,1270,Beverages,Online,4674,$47.45,$31.79,"$221,781.30","$148,586.46","$73,194.84"
977324712,2/1/2011,February,2011,Tuesday,3/10/2011,37,H,LUX,Luxembourg,Europe,Western Europe,8969,Snacks,Online,955,$152.58,$97.44,"$145,713.90","$93,055.20","$52,658.70"
979073941,6/26/2010,June,2010,Saturday,7/18/2010,22,C,CHE,Switzerland,Europe,Western Europe,7331,Baby Food,Online,8591,$255.28,$159.42,"$2,193,110.48","$1,369,577.22","$823,533.26"
979200112,12/14/2013,December,2013,Saturday,12/30/2013,16,C,MKD,Macedonia,Europe,Southern Europe,8875,Meat,Online,5928,$421.89,$364.69,"$2,500,963.92","$2,161,882.32","$339,081.60"
980381143,9/18/2010,September,2010,Saturday,9/26/2010,8,C,BGR,Bulgaria,Europe,Eastern Europe,7331,Baby Food,Offline,5421,$255.28,$159.42,"$1,383,872.88","$864,215.82","$519,657.06"
980598723,8/13/2015,August,2015,Thursday,9/24/2015,42,C,FRA,France,Europe,Western Europe,3127,Personal Care,Offline,9808,$81.73,$56.67,"$801,607.84","$555,819.36","$245,788.48"
980961358,9/6/2013,September,2013,Friday,10/8/2013,32,C,LUX,Luxembourg,Europe,Western Europe,8293,Cosmetics,Online,7120,$437.20,$263.33,"$3,112,864.00","$1,874,909.60","$1,237,954.40"
981154048,7/27/2013,July,2013,Saturday,8/9/2013,13,C,ITA,Italy,Europe,Southern Europe,1270,Beverages,Offline,4141,$47.45,$31.79,"$196,490.45","$131,642.39","$64,848.06"
981808078,1/27/2012,January,2012,Friday,1/28/2012,1,L,MLT,Malta,Europe,Southern Europe,8969,Snacks,Online,7683,$152.58,$97.44,"$1,172,272.14","$748,631.52","$423,640.62"
982566821,4/17/2011,April,2011,Sunday,6/5/2011,49,M,LTU,Lithuania,Europe,Northern Europe,8681,Office Supplies,Online,2212,$651.21,$524.96,"$1,440,476.52","$1,161,211.52","$279,265.00"
985039174,2/4/2011,February,2011,Friday,3/10/2011,34,H,NLD,Netherlands,Europe,Western Europe,1270,Beverages,Online,3836,$47.45,$31.79,"$182,018.20","$121,946.44","$60,071.76"
985417258,10/1/2011,October,2011,Saturday,10/21/2011,20,M,GBR,United Kingdom,Europe,Northern Europe,2103,Cereal,Online,5720,$205.70,$117.11,"$1,176,604.00","$669,869.20","$506,734.80"
986449801,1/31/2013,January,2013,Thursday,3/13/2013,41,H,ALB,Albania,Europe,Southern Europe,8875,Meat,Offline,1272,$421.89,$364.69,"$536,644.08","$463,885.68","$72,758.40"
987050187,4/12/2012,April,2012,Thursday,4/25/2012,13,C,MKD,Macedonia,Europe,Southern Europe,5988,Vegetables,Online,8940,$154.06,$90.93,"$1,377,296.40","$812,914.20","$564,382.20"
987410676,8/13/2014,August,2014,Wednesday,9/6/2014,24,C,AUT,Austria,Europe,Western Europe,2103,Cereal,Offline,5616,$205.70,$117.11,"$1,155,211.20","$657,689.76","$497,521.44"
987459170,7/16/2010,July,2010,Friday,8/27/2010,42,M,UKR,Ukraine,Europe,Eastern Europe,3127,Personal Care,Online,9967,$81.73,$56.67,"$814,602.91","$564,829.89","$249,773.02"
987767302,7/8/2012,July,2012,Sunday,8/1/2012,24,C,LTU,Lithuania,Europe,Northern Europe,8681,Office Supplies,Online,1150,$651.21,$524.96,"$748,891.50","$603,704.00","$145,187.50"
988599860,11/6/2014,November,2014,Thursday,12/11/2014,35,H,CZE,Czech Republic,Europe,Eastern Europe,7940,Household,Offline,7522,$668.27,$502.54,"$5,026,726.94","$3,780,105.88","$1,246,621.06"
988614022,11/28/2010,November,2010,Sunday,1/11/2011,44,L,MKD,Macedonia,Europe,Southern Europe,2103,Cereal,Offline,1713,$205.70,$117.11,"$352,364.10","$200,609.43","$151,754.67"
989102828,6/11/2012,June,2012,Monday,7/8/2012,27,L,Unknow,Unknow,Unknow,Unknow,4594,Fruits,Online,6362,$9.33,$6.92,"$59,357.46","$44,025.04","$15,332.42"
989403665,4/22/2015,April,2015,Wednesday,5/25/2015,33,M,MKD,Macedonia,Europe,Southern Europe,2455,Clothes,Online,5386,$109.28,$35.84,"$588,582.08","$193,034.24","$395,547.84"
990455090,11/30/2013,November,2013,Saturday,12/14/2013,14,M,BLR,Belarus,Europe,Eastern Europe,7940,Household,Online,6526,$668.27,$502.54,"$4,361,130.02","$3,279,576.04","$1,081,553.98"
990774810,1/17/2014,January,2014,Friday,2/18/2014,32,C,NLD,Netherlands,Europe,Western Europe,7940,Household,Offline,1138,$668.27,$502.54,"$760,491.26","$571,890.52","$188,600.74"
991761863,12/20/2011,December,2011,Tuesday,12/24/2011,4,M,NOR,Norway,Europe,Northern Europe,4594,Fruits,Offline,3229,$9.33,$6.92,"$30,126.57","$22,344.68","$7,781.89"
992992675,3/8/2011,March,2011,Tuesday,3/9/2011,1,M,SRB,Serbia,Europe,Southern Europe,5988,Vegetables,Offline,7454,$154.06,$90.93,"$1,148,363.24","$677,792.22","$470,571.02"
993368613,2/8/2016,February,2016,Monday,2/16/2016,8,H,DEU,Germany,Europe,Western Europe,3127,Personal Care,Offline,8702,$81.73,$56.67,"$711,214.46","$493,142.34","$218,072.12"
994406735,6/7/2015,June,2015,Sunday,6/30/2015,23,M,MLT,Malta,Europe,Southern Europe,1270,Beverages,Online,5906,$47.45,$31.79,"$280,239.70","$187,751.74","$92,487.96"
994504153,1/10/2017,January,2017,Tuesday,1/13/2017,3,M,SWE,Sweden,Europe,Northern Europe,4594,Fruits,Online,4734,$9.33,$6.92,"$44,168.22","$32,759.28","$11,408.94"
994978797,12/5/2014,December,2014,Friday,1/2/2015,28,H,ITA,Italy,Europe,Southern Europe,1270,Beverages,Offline,5192,$47.45,$31.79,"$246,360.40","$165,053.68","$81,306.72"
996754205,9/20/2010,September,2010,Monday,9/22/2010,2,L,RUS,Russia,Europe,Eastern Europe,7331,Baby Food,Offline,574,$255.28,$159.42,"$146,530.72","$91,507.08","$55,023.64"
998043382,6/15/2010,June,2010,Tuesday,7/3/2010,18,H,MLT,Malta,Europe,Southern Europe,8293,Cosmetics,Online,2070,$437.20,$263.33,"$905,004.00","$545,093.10","$359,910.90"
999879729,3/31/2012,March,2012,Saturday,5/6/2012,36,M,ALB,Albania,Europe,Southern Europe,7940,Household,Offline,5486,$668.27,$502.54,"$3,666,129.22","$2,756,934.44","$909,194.78"